H,abs_H,Phi_eV,Phi_err_stat_eV,Phi_err_repeat_eV,Phi_err_floor_eV,n,Phi_err_m2_eV,region,Phi_meV,Phi_err_m2_meV,Phi_err_stat_meV,Phi_err_repeat_meV,Phi_err_floor_meV
-3.428455035730327,3.428455035730327,0.3408018973467111,0.00044746026662586847,0.000272861164764346,0.0011629061797949363,4,0.001381743876762384,FM,340.80189734671114,1.381743876762384,0.44746026662586846,0.272861164764346,1.1629061797949363
-3.1998550000078128,3.1998550000078128,0.34075460148867914,0.00044617378685881385,0.00032530689617379374,0.0011629061797949363,4,0.001381743876762384,FM,340.75460148867916,1.381743876762384,0.44617378685881387,0.3253068961737937,1.1629061797949363
-2.97147,2.97147,0.34066770528250623,0.00044526641068592146,0.0002955789984893132,0.0011629061797949363,4,0.001381743876762384,FM,340.66770528250623,1.381743876762384,0.44526641068592143,0.29557899848931324,1.1629061797949363
-2.742940000018229,2.742940000018229,0.34103217087582516,0.00044157783439549044,0.00013280689165583455,0.0011629061797949363,4,0.001381743876762384,FM,341.03217087582516,1.381743876762384,0.4415778343954904,0.13280689165583456,1.1629061797949363
-2.514195000009944,2.514195000009944,0.3411357859946142,0.0004381497342994664,0.0005350530958778579,0.0011629061797949363,4,0.00156235961152347,FM,341.1357859946142,1.56235961152347,0.43814973429946635,0.5350530958778579,1.1629061797949363
-2.285675000010938,2.285675000010938,0.3411607844117061,0.00043425250807509305,0.0004990418274607415,0.0011629061797949363,4,0.0014572064000607388,FM,341.1607844117061,1.4572064000607388,0.4342525080750931,0.4990418274607415,1.1629061797949363
-2.057125000012153,2.057125000012153,0.3417588150329982,0.00043492831373812967,0.00040530120638178623,0.0011629061797949363,4,0.001381743876762384,FM,341.7588150329982,1.381743876762384,0.4349283137381297,0.40530120638178624,1.1629061797949363
-1.8284000000136733,1.8284000000136733,0.3465753157542396,0.00043365887116649936,0.00030714293206293225,0.0011629061797949363,4,0.0008968599858911325,canting,346.5753157542396,0.8968599858911325,0.43365887116649937,0.30714293206293225,1.1629061797949363
-1.5998550000156264,1.5998550000156264,0.3635037254470404,0.0004521647868234262,0.000613946231936402,0.0011629061797949363,4,0.001792728242887175,canting,363.5037254470404,1.792728242887175,0.4521647868234262,0.6139462319364021,1.1629061797949363
-1.3715250000182277,1.3715250000182277,0.37381808327879695,0.0004929263952240915,0.003041791415578079,0.0011629061797949363,4,0.008882056922931751,canting,373.81808327879696,8.882056922931751,0.4929263952240915,3.041791415578079,1.1629061797949363
-1.1428750000218744,1.1428750000218744,0.3843492471301979,0.0004948259105624415,0.0027801859600731223,0.0011629061797949363,4,0.008118166757667765,canting,384.3492471301979,8.118166757667765,0.49482591056244146,2.7801859600731222,1.1629061797949363
-0.9142350000273449,0.9142350000273449,0.3946525641452593,0.00048458736823062684,0.0038147060099685977,0.0011629061797949363,4,0.011138974142430385,canting,394.6525641452593,11.138974142430385,0.48458736823062687,3.8147060099685977,1.1629061797949363
-0.6856650000729219,0.6856650000729219,0.40605909568631154,0.0004822710319065035,0.004980362263810719,0.0011629061797949363,4,0.014542700363161232,canting,406.05909568631154,14.542700363161233,0.4822710319065035,4.9803622638107194,1.1629061797949363
-0.45704500005469745,0.45704500005469745,0.42077954993176125,0.0004888166361149526,0.005752117724185743,0.0011629061797949363,4,0.016796232901430834,canting,420.77954993176127,16.796232901430834,0.4888166361149526,5.752117724185743,1.1629061797949363
-0.22849000021882795,0.22849000021882795,0.4344739557764828,0.00047409873684016993,0.004588146780773144,0.0011629061797949363,4,0.013397427801553695,canting,434.4739557764828,13.397427801553695,0.47409873684016995,4.588146780773144,1.1629061797949363
-0.000165146931829632,0.000165146931829632,0.4397000000000001,0.00046913662352078306,0.0018359584202511984,0.0011629061797949363,4,0.0053610142737903375,AFM,439.7000000000001,5.361014273790338,0.46913662352078306,1.8359584202511983,1.1629061797949363
0.22854500010938525,0.22854500010938525,0.4339595770970074,0.00047934402707083124,0.002418504246131485,0.0011629061797949363,4,0.007062053062704686,canting,433.9595770970074,7.062053062704686,0.47934402707083124,2.418504246131485,1.1629061797949363
0.4571450001093745,0.4571450001093745,0.42080667613666384,0.00048789518886070037,0.0030824237512741912,0.0011629061797949363,4,0.009000703690332124,canting,420.80667613666384,9.000703690332124,0.4878951888607004,3.082423751274191,1.1629061797949363
0.6856800000729204,0.6856800000729204,0.4053120627080882,0.0004756134023562817,0.003133297849312944,0.0011629061797949363,4,0.009149256491279895,canting,405.3120627080882,9.149256491279894,0.4756134023562817,3.1332978493129438,1.1629061797949363
0.9142750000546882,0.9142750000546882,0.3949222163743308,0.0004868092246358341,0.001530805937920022,0.0011629061797949363,4,0.004469966418122581,canting,394.9222163743308,4.469966418122581,0.48680922463583415,1.5308059379200218,1.1629061797949363
1.1429050000437482,1.1429050000437482,0.38400940458464156,0.0004928553030228985,0.0009926566388846398,0.0011629061797949363,4,0.0028985658669247964,canting,384.0094045846416,2.8985658669247965,0.4928553030228985,0.9926566388846398,1.1629061797949363
1.3714650000364572,1.3714650000364572,0.3741980157398013,0.00048253677294268955,0.00017714635535662692,0.0011629061797949363,4,0.0005172688712018191,canting,374.19801573980135,0.5172688712018191,0.48253677294268954,0.17714635535662693,1.1629061797949363
1.5999200000312515,1.5999200000312515,0.36278363939391767,0.00045374113261707,0.0010433394535311032,0.0011629061797949363,4,0.0030465601187327344,canting,362.78363939391767,3.0465601187327342,0.45374113261707,1.0433394535311031,1.1629061797949363
1.828555000027344,1.828555000027344,0.3459432448491474,0.0004328229187127421,0.001534317114421365,0.0011629061797949363,4,0.0044802190835064315,canting,345.9432448491474,4.480219083506432,0.4328229187127421,1.534317114421365,1.1629061797949363
2.057170000024305,2.057170000024305,0.34125351819705224,0.00043541585170928603,0.0010824826627416704,0.0011629061797949363,4,0.0031608586240720335,FM,341.25351819705224,3.1608586240720333,0.43541585170928604,1.0824826627416704,1.1629061797949363
2.285775000021874,2.285775000021874,0.34068957728850013,0.0004384325803506302,0.001464711813553916,0.0011629061797949363,4,0.004276971010257142,FM,340.6895772885001,4.276971010257142,0.43843258035063015,1.4647118135539159,1.1629061797949363
2.5143850000198857,2.5143850000198857,0.34020590737188294,0.0004404891908439432,0.0012942189272068423,0.0011629061797949363,4,0.0037791303254112846,FM,340.2059073718829,3.7791303254112845,0.4404891908439432,1.2942189272068423,1.1629061797949363
2.7429300000182284,2.7429300000182284,0.34002325778096465,0.0004425240185915122,0.0014994352123465214,0.0011629061797949363,4,0.004378363631412583,FM,340.0232577809646,4.378363631412584,0.4425240185915122,1.4994352123465213,1.1629061797949363
2.971545000042066,2.971545000042066,0.3400383580805562,0.0004437629184562927,0.0012041916373183056,0.0011629061797949363,4,0.003516249869732408,FM,340.03835808055624,3.516249869732408,0.4437629184562927,1.2041916373183057,1.1629061797949363
3.2000600000390627,3.2000600000390627,0.33971490486900596,0.00044875160303529303,0.0014062432295152247,0.0011629061797949363,4,0.004106242245301318,FM,339.714904869006,4.106242245301318,0.44875160303529305,1.4062432295152247,1.1629061797949363
3.4285300000145833,3.4285300000145833,0.3382424448055226,0.00046143705853882546,0.00012326909614238582,0.0011629061797949363,4,0.001381743876762384,FM,338.2424448055226,1.381743876762384,0.46143705853882544,0.12326909614238582,1.1629061797949363
