df_index,H,A,A_err,V_peak,V_peak_err,V0_gauss,V0_gauss_err,slope,slope_err,intercept,intercept_err,chi2,n_points,V_peak_rough,abs_H,fwhm_meas_V,fwhm_meas_err,V_left_meas,V_right_meas,height_meas,sigma_noise,fwhm_fit_V,fwhm_fit_err_V,Phi_eV,Phi_err_eV,Phi_err_stat_eV,Phi_err_floor_eV,Phi_err_repeat_eV,window,Phi_meV,Phi_meV_err,Phi_err_stat_meV,Phi_err_repeat_meV,Phi_err_floor_meV,fwhm_fit_meV,fwhm_fit_meV_err,fwhm_meas_meV,fwhm_meas_meV_err
0,0.8999280230107294,0.6762944348918106,0.5455995668366304,0.5234236345783567,0.03670265581908689,0.5071163353989973,0.2517185011172955,0.16870581757733905,2.2692197563154477,1.5292751989115851,1.3599548964456851,0.005234456331454446,89,0.5190227214148297,0.8999280230107294,0.6024888587174296,0.10577707064483081,0.1729819200783723,0.775470778795802,0.6777445952084147,0.10778675680251862,0.6016946356319581,0.24044559571173055,0.5234236345783567,0.03670265581908689,0.03670265581908689,0.0054889716186209345,0.0022170761480477023,FM,523.4236345783568,36.70265581908689,36.70265581908689,2.217076148047702,5.488971618620934,601.6946356319581,240.44559571173056,602.4888587174296,105.77707064483081
1,0.8999280230107294,0.687632633612639,0.622371521489309,0.5201236692928857,0.03680590050402472,0.47712400777163,0.23838104189044385,0.44673397341590765,2.2464528028173922,1.3807771427986324,1.495997318472181,1.0973073382834275,90,0.5170755257026052,0.8999280230107294,0.5907098905775385,0.09089505975531975,0.15411493230109014,0.7448248228786287,0.80818876532386,0.09197821327639498,0.6016946356319581,0.24044559571173055,0.5201236692928857,0.03680590050402472,0.03680590050402472,0.0054889716186209345,0.0022170761480477023,FM,520.1236692928857,36.80590050402472,36.80590050402472,2.217076148047702,5.488971618620934,601.6946356319581,240.44559571173056,590.7098905775385,90.89505975531975
2,0.8999280230107294,0.670585743885125,0.5884697631067551,0.5223460885108718,0.03711909024180908,0.4916834361935782,0.24453846081599162,0.31258578908413925,2.224716534025894,1.4617863340853763,1.4615659429961596,0.008415427790354849,90,0.5265936678136274,0.8999280230107294,0.6217933389939209,0.05826386198626593,0.15490066039894898,0.7766939993928699,0.674454383032695,0.11071121321237203,0.6016946356319581,0.24044559571173055,0.5223460885108718,0.03711909024180908,0.03711909024180908,0.0054889716186209345,0.0022170761480477023,FM,522.3460885108718,37.11909024180908,37.11909024180908,2.217076148047702,5.488971618620934,601.6946356319581,240.44559571173056,621.7933389939209,58.26386198626593
3,0.8999280230107294,0.6894674719415929,0.6557880331125441,0.5184844375487476,0.03725107203501214,0.46925857129524556,0.23748044225626253,0.5103878823472906,2.2765627242015567,1.349258800387729,1.5522034430574034,1.0694261232168325,90,0.5165610433486976,0.8999280230107294,0.6324781890623375,0.07929994351075884,0.12926516295879795,0.7617433520211355,0.7264266284084623,0.09257574737775988,0.6016946356319581,0.24044559571173055,0.5184844375487476,0.03725107203501214,0.03725107203501214,0.0054889716186209345,0.0022170761480477023,FM,518.4844375487477,37.25107203501214,37.25107203501214,2.217076148047702,5.488971618620934,601.6946356319581,240.44559571173056,632.4781890623375,79.29994351075884
4,0.8402974870841874,0.6992728291487418,0.6554908234609624,0.5195840701747497,0.03700011510465435,0.47478059223853325,0.24279721440957708,0.47238744496179325,2.3521593936737917,1.3595267737234857,1.5855788392682515,3.136650720349605,89,0.5189988901202407,0.8402974870841874,0.5746206072980519,0.1434753547828136,0.156294241805666,0.7309148491037178,0.8398215921755215,0.15865490647821115,0.6016946356319581,0.24044559571173055,0.5195840701747497,0.03700011510465435,0.03700011510465435,0.0054889716186209345,0.005192389357090791,FM,519.5840701747497,37.00011510465435,37.00011510465435,5.192389357090791,5.488971618620934,601.6946356319581,240.44559571173056,574.6206072980518,143.47535478281358
5,0.8402974870841874,0.679272709083043,0.6249078030562291,0.5199087743191132,0.03739387995408714,0.47517695509236263,0.24119744258965917,0.4584686520714336,2.252881471015948,1.3855507641670242,1.5060939646392066,2.1529025340002406,90,0.5172919732096192,0.8402974870841874,0.5778006827722684,0.13635914971968277,0.15800014128276824,0.7358008240550366,0.8030266695018824,0.1323903945993388,0.6016946356319581,0.24044559571173055,0.5199087743191132,0.03739387995408714,0.03739387995408714,0.0054889716186209345,0.005192389357090791,FM,519.9087743191131,37.39387995408714,37.39387995408714,5.192389357090791,5.488971618620934,601.6946356319581,240.44559571173056,577.8006827722684,136.35914971968276
6,0.7798713281689487,0.6791832108567359,0.586498135084909,0.5222277993418085,0.03667540898263243,0.4899439372812475,0.24152350852417592,0.3332535686184432,2.2186175676040665,1.4486104642917723,1.4414674757777661,2.2207057114610125,90,0.5212593401455912,0.7798713281689487,0.5245718784640371,0.15388081964411074,0.20194952881653072,0.7265214072805678,0.882804007954386,0.14725220322939994,0.6016946356319581,0.24044559571173055,0.5222277993418085,0.03667540898263243,0.03667540898263243,0.0054889716186209345,0.0023558658063652644,FM,522.2277993418085,36.67540898263243,36.67540898263243,2.3558658063652644,5.488971618620934,601.6946356319581,240.44559571173056,524.5718784640371,153.88081964411074
7,0.7798713281689487,0.7164610661542122,0.7218384240035344,0.5178144768681362,0.03677183645188169,0.4585811054034794,0.2283116220833212,0.6327092109073122,2.3281989581396028,1.2702156166275458,1.6431836381905323,4.250276491810294,90,0.5160909977458917,0.7798713281689487,0.5137981417386533,0.07960707147806778,0.14114317904253418,0.6549413207811875,0.904169553765625,0.14857904993232768,0.6016946356319581,0.24044559571173055,0.5178144768681362,0.03677183645188169,0.03677183645188169,0.0054889716186209345,0.0023558658063652644,FM,517.8144768681362,36.77183645188169,36.77183645188169,2.3558658063652644,5.488971618620934,601.6946356319581,240.44559571173056,513.7981417386534,79.60707147806778
8,0.7199424324208151,0.6784236952454981,0.5523249768677228,0.5229900099597193,0.03616251440857742,0.49927228113831973,0.24198944273886497,0.24520809420719397,2.189740332246042,1.4954187710204963,1.3477518778283066,1.1596865592407704,90,0.5181662531683366,0.7199424324208151,0.5585632264744121,0.10739924272198725,0.20096982600316182,0.759533052477574,0.8274585254987883,0.12810818819570272,0.6016946356319581,0.24044559571173055,0.5229900099597193,0.03616251440857742,0.03616251440857742,0.0054889716186209345,0.0008939484507773083,FM,522.9900099597194,36.16251440857742,36.16251440857742,0.8939484507773082,5.488971618620934,601.6946356319581,240.44559571173056,558.5632264744121,107.39924272198725
9,0.7199424324208151,0.6798680226598044,0.6074654846951589,0.5210094506304108,0.03694656682578174,0.48385635932455046,0.2411399465252887,0.38292902240172716,2.2368636973304077,1.4260293563770712,1.4825653094378093,1.0949813054552298,90,0.5200905967375752,0.7199424324208151,0.5665745960976727,0.09236842424904429,0.17641215193650633,0.7429867480341791,0.828357499175406,0.11376957473570708,0.6016946356319581,0.24044559571173055,0.5210094506304108,0.03694656682578174,0.03694656682578174,0.0054889716186209345,0.0008939484507773083,FM,521.0094506304108,36.946566825781744,36.946566825781744,0.8939484507773082,5.488971618620934,601.6946356319581,240.44559571173056,566.5745960976727,92.3684242490443
10,0.6600135372096545,0.6731119272571594,0.5469683110277703,0.5235667300866735,0.03640183363866444,0.5003290726773809,0.2439037633352179,0.23853544340311655,2.1880610884241674,1.5062382470889288,1.339474408633122,1.130840623307253,90,0.5170761024398799,0.6600135372096545,0.5668774057593162,0.1023566556643332,0.20478542652671386,0.77166283228603,0.8198990842187164,0.0904294313917167,0.6016946356319581,0.24044559571173055,0.5235667300866735,0.03640183363866444,0.03640183363866444,0.0054889716186209345,0.0018997810870446487,FM,523.5667300866735,36.40183363866444,36.40183363866444,1.8997810870446488,5.488971618620934,601.6946356319581,240.44559571173056,566.8774057593163,102.3566556643332
11,0.6600135372096545,0.6924913742841082,0.7471549201739411,0.5190202359694138,0.03866869185575707,0.45501094636771666,0.23539348265714086,0.6577811806802233,2.3651760742798325,1.2868008454978759,1.6982834141438607,0.008413735003620209,90,0.5200097419895793,0.6600135372096545,0.5927571488264893,0.03312535576372025,0.11435301092172262,0.707110159748212,0.6959028154575781,0.09197969494879255,0.6016946356319581,0.24044559571173055,0.5190202359694138,0.03866869185575707,0.03866869185575707,0.0054889716186209345,0.0018997810870446487,FM,519.0202359694139,38.66869185575707,38.66869185575707,1.8997810870446488,5.488971618620934,601.6946356319581,240.44559571173056,592.7571488264894,33.12535576372025
12,0.5998857454549158,0.6774029079961382,0.5584349408685403,0.5235099099999999,0.03684813438641659,0.5001612081010154,0.2512309343722416,0.24124627115124597,2.279015198119851,1.503243961636276,1.4037365873610357,1.1048267176761724,89,0.5187492892249999,0.5998857454549158,0.5680363646232605,0.09515666490966079,0.20422703116364246,0.772263395786903,0.8258658623752522,0.07034234699197177,0.6016946356319581,0.24044559571173055,0.5235099099999999,0.03684813438641659,0.03684813438641659,0.0054889716186209345,0.0015626569705375808,FM,523.5099099999999,36.84813438641659,36.84813438641659,1.5626569705375808,5.488971618620934,601.6946356319581,240.44559571173056,568.0363646232605,95.15666490966079
13,0.5998857454549158,0.6785589492798824,0.5867952707440725,0.5213404043372997,0.036774112919635685,0.4857179305023539,0.24174365689043767,0.3664363121848126,2.219240839378972,1.4403286911721678,1.4343950338328204,1.0735806731338458,90,0.5171013587696894,0.5998857454549158,0.5871383322285115,0.09584965167519237,0.17216484913627936,0.7593031813647909,0.7859900818576563,0.08591489892586023,0.6016946356319581,0.24044559571173055,0.5213404043372997,0.036774112919635685,0.036774112919635685,0.0054889716186209345,0.0015626569705375808,FM,521.3404043372997,36.774112919635684,36.774112919635684,1.5626569705375808,5.488971618620934,601.6946356319581,240.44559571173056,587.1383322285116,95.84965167519236
14,0.5399568439236603,0.9636416398128735,1.4695716642635601,0.5094131286028055,0.03786446713753123,0.3808156872104931,0.16310975428083896,1.6721683925324853,3.170319521669234,0.6036104182045832,2.6578783440922953,0.1731443974831171,90,0.5339157598621241,0.5399568439236603,,,,0.6610820480711067,1.02116704220673,0.11045531939816668,0.6016946356319581,0.24044559571173055,0.5094131286028055,0.03786446713753123,0.03786446713753123,0.0054889716186209345,0.006465163558436312,FM,509.4131286028055,37.86446713753123,37.86446713753123,6.465163558436312,5.488971618620934,601.6946356319581,240.44559571173056,,
15,0.5399568439236603,0.683028447584014,0.6138379087472726,0.52079645007247,0.0369635932065345,0.47864410099709637,0.24000317549725492,0.4350261625237168,2.2409805346817624,1.4058959828483117,1.4836729014492436,1.074035173266357,90,0.5179822600458417,0.5399568439236603,0.5891359004998341,0.12349001062606473,0.16367276977317613,0.7528086702730102,0.7816091273732252,0.09176050536818571,0.6016946356319581,0.24044559571173055,0.52079645007247,0.0369635932065345,0.0369635932065345,0.0054889716186209345,0.006465163558436312,FM,520.79645007247,36.9635932065345,36.9635932065345,6.465163558436312,5.488971618620934,601.6946356319581,240.44559571173056,589.1359004998341,123.49001062606473
16,0.480025871386116,1.0260749108868674,1.5701827263635308,0.5083078184545842,0.042275560850914724,0.3601014318747204,0.15362494742453878,1.9685796004504352,3.2949443244997902,0.43826505033300345,2.7477733362667225,0.25002422508170774,90,0.5211251135781564,0.480025871386116,,,,0.634381645559343,1.1244297305459188,0.14995272620603328,0.6016946356319581,0.24044559571173055,0.5083078184545842,0.042275560850914724,0.042275560850914724,0.0054889716186209345,0.00739032766138355,FM,508.30781845458415,42.27556085091472,42.27556085091472,7.39032766138355,5.488971618620934,601.6946356319581,240.44559571173056,,
17,0.480025871386116,0.6798031036532283,0.5606276113791132,0.5227699012970692,0.03622633414732554,0.49568484821633363,0.24146703409241643,0.2802416607360169,2.1960661974326845,1.4888039997761617,1.3705937056682818,1.140506498411342,90,0.5169847464055111,0.480025871386116,0.5634212749467908,0.10932210373456615,0.20101628123547238,0.7644375561822633,0.8291382768920048,0.11139306495068109,0.6016946356319581,0.24044559571173055,0.5227699012970692,0.03622633414732554,0.03622633414732554,0.0054889716186209345,0.00739032766138355,FM,522.7699012970693,36.22633414732554,36.22633414732554,7.39032766138355,5.488971618620934,601.6946356319581,240.44559571173056,563.4212749467908,109.32210373456614
18,0.419899115621836,0.6962191930128263,0.5698268010950462,0.5249037603006013,0.035358593745501356,0.5002797476332809,0.2357988144706981,0.2615893155559496,2.195147755771856,1.4883120776818985,1.380719084209261,1.1505719635548328,90,0.5211055729539078,0.419899115621836,0.5658121745512205,0.10108756606867299,0.20625247324231422,0.7720646477935347,0.8464643639366131,0.11282422016795529,0.6016946356319581,0.24044559571173055,0.5249037603006013,0.035358593745501356,0.035358593745501356,0.0054889716186209345,0.0011017888679966178,FM,524.9037603006012,35.35859374550136,35.35859374550136,1.1017888679966177,5.488971618620934,601.6946356319581,240.44559571173056,565.8121745512204,101.08756606867298
19,0.419899115621836,0.7049641551486346,0.6215803214985681,0.5226175514065631,0.03566140492468668,0.4842414216392852,0.23268328932756666,0.4099436502358604,2.2368130124372083,1.4068593574773178,1.4900558371586454,0.005068052837270222,90,0.5220794678557114,0.419899115621836,0.6450111888513512,0.08969269641873129,0.1495147375235239,0.7945259263748751,0.7101931068075005,0.09809345493834756,0.6016946356319581,0.24044559571173055,0.5226175514065631,0.03566140492468668,0.03566140492468668,0.0054889716186209345,0.0011017888679966178,FM,522.617551406563,35.661404924686686,35.661404924686686,1.1017888679966177,5.488971618620934,601.6946356319581,240.44559571173056,645.0111888513512,89.69269641873129
20,0.35997022793558914,0.8542801816888949,0.8275475908837171,0.534521803399975,0.03043875509200048,0.5879029805729812,0.19291026855073745,-0.6835142529057624,2.370012119452731,1.869847196281938,1.0054941016966417,0.9648199587176952,90,0.5263858638532064,0.35997022793558914,,,0.3316404132865485,,1.0270481178837252,0.12154460420664062,0.6016946356319581,0.24044559571173055,0.534521803399975,0.03043875509200048,0.03043875509200048,0.0054889716186209345,0.004949378052287058,spinflip,534.521803399975,30.43875509200048,30.43875509200048,4.9493780522870585,5.488971618620934,601.6946356319581,240.44559571173056,,
21,0.35997022793558914,0.7232010663387642,0.5892220265107717,0.5247283975336172,0.034072692610604444,0.49935696824093107,0.22703832266007268,0.2794330878102347,2.1973871112777785,1.4706706010277686,1.396340457700366,1.1490158598311129,90,0.5195935155430862,0.35997022793558914,0.5611200053774285,0.08399110018550379,0.20224884388311126,0.7633688492605397,0.8593320771861739,0.11296171078074384,0.6016946356319581,0.24044559571173055,0.5247283975336172,0.034072692610604444,0.034072692610604444,0.0054889716186209345,0.004949378052287058,spinflip,524.7283975336172,34.07269261060444,34.07269261060444,4.9493780522870585,5.488971618620934,601.6946356319581,240.44559571173056,561.1200053774285,83.9911001855038
22,0.3000413524832869,0.9695960232116536,1.3727705011959055,0.5104460939751003,0.03768643087845165,0.3836210578104172,0.16657685681169293,1.665013076152592,3.03221650557925,0.6925499084169783,2.498913632226677,0.18997322007490108,90,0.5204918529188378,0.3000413524832869,,,,0.6661948246351634,0.9783857553373658,0.09670376758204514,0.6016946356319581,0.24044559571173055,0.5104460939751003,0.03768643087845165,0.03768643087845165,0.0054889716186209345,0.0175594888935754,spinflip,510.4460939751003,37.68643087845165,37.68643087845165,17.5594888935754,5.488971618620934,601.6946356319581,240.44559571173056,,
23,0.3000413524832869,0.7654456092764513,0.6341890341009563,0.5193756293825651,0.03290494561451088,0.488297115200417,0.2224065449649433,0.36177937694685425,2.297445864787547,1.456813379482576,1.479223256618526,0.005973101601675696,89,0.5150027839743487,0.3000413524832869,0.6156980062025159,0.08855288984178118,0.18725331363081957,0.8029513198333355,0.7701820527758929,0.11337527999560261,0.6016946356319581,0.24044559571173055,0.5193756293825651,0.03290494561451088,0.03290494561451088,0.0054889716186209345,0.0175594888935754,spinflip,519.3756293825651,32.90494561451088,32.90494561451088,17.5594888935754,5.488971618620934,601.6946356319581,240.44559571173056,615.6980062025159,88.55288984178118
24,0.23991252822643508,0.9667807652352448,1.095416525574234,0.711945665439504,0.03147242910278804,0.6149121553899597,0.17371949414486537,1.3368952488410482,2.668964826153175,0.8949962687520232,2.6268757255394095,2.191868564799313,90,0.7118553456913829,0.23991252822643508,0.498481474694496,0.11406834249440952,0.386261489579767,0.884742964274263,1.1044604559495799,0.13735366905389643,0.6016946356319581,0.24044559571173055,0.711945665439504,0.03147242910278804,0.03147242910278804,0.0054889716186209345,0.0042264644625682355,AFM,711.945665439504,31.472429102788038,31.472429102788038,4.226464462568235,5.488971618620934,601.6946356319581,240.44559571173056,498.481474694496,114.06834249440952
25,0.23991252822643508,0.935622615202049,1.020577657752931,0.7130193307046593,0.030856412011518883,0.6267737304316437,0.1768603559089086,1.1676930891743185,2.56084989481644,1.0309485570701775,2.503186108955879,0.006438800275121329,91,0.7132400926940882,0.23991252822643508,0.5326930368071399,0.004631925558258134,0.38591641658239556,0.9186094533895355,0.9406911613004992,0.00630389587017244,0.6016946356319581,0.24044559571173055,0.7130193307046593,0.030856412011518883,0.030856412011518883,0.0054889716186209345,0.0042264644625682355,AFM,713.0193307046593,30.856412011518884,30.856412011518884,4.226464462568235,5.488971618620934,601.6946356319581,240.44559571173056,532.6930368071398,4.631925558258134
26,0.17998365759146023,1.3425603898870726,1.491347109587582,0.6912711691238729,0.024699959084288958,0.5794020305849484,0.13496613973867466,2.090259963702738,3.046844541225441,0.19936560894438352,3.165396627888969,1.7237859033284468,90,0.6936908438101203,0.17998365759146023,,,,0.8514657908060536,1.3440567005917559,0.1614674507633553,0.6016946356319581,0.24044559571173055,0.6912711691238729,0.024699959084288958,0.024699959084288958,0.0054889716186209345,0.009914968441490231,AFM,691.2711691238728,24.69995908428896,24.69995908428896,9.914968441490231,5.488971618620934,601.6946356319581,240.44559571173056,,
27,0.17998365759146023,1.8679676621686028,2.3769943120292463,0.6844468516242986,0.02880070158132253,0.5153430198298297,0.11420700923022843,3.886722447940916,4.2773568499423265,-1.3036866926841053,4.577760801218019,8.394328887918691,90,0.6937025065695391,0.17998365759146023,,,,0.7947122893038049,2.0352353741426166,0.2682423335974865,0.6016946356319581,0.24044559571173055,0.6844468516242986,0.02880070158132253,0.02880070158132253,0.0054889716186209345,0.009914968441490231,AFM,684.4468516242987,28.800701581322528,28.800701581322528,9.914968441490231,5.488971618620934,601.6946356319581,240.44559571173056,,
28,0.12005589739783715,1.333107499304605,1.4072122780165073,0.6898054450100202,0.023422764997915985,0.5857646717762622,0.13174520502951018,1.9550559439734534,2.8567589790541823,0.2968901435773083,2.9758167327833456,3.6895435797262293,91,0.6925180144569139,0.12005589739783715,,,,0.827774154603629,1.48982115980438,0.14058175408646795,0.6016946356319581,0.24044559571173055,0.6898054450100202,0.023422764997915985,0.023422764997915985,0.0054889716186209345,0.015151040603327587,AFM,689.8054450100202,23.422764997915984,23.422764997915984,15.151040603327587,5.488971618620934,601.6946356319581,240.44559571173056,,
29,0.12005589739783715,2.4787891934815782,2.8752496806229955,0.6758517478519539,0.017985083154787897,0.5232277143851486,0.10617453279454957,4.847733502112513,4.846287664994856,-2.4688382456386924,5.393367029529535,0.7791217639434829,91,0.692844762949499,0.12005589739783715,,,,,2.9658368780572664,,0.6016946356319581,0.24044559571173055,0.6758517478519539,0.017985083154787897,0.017985083154787897,0.0054889716186209345,0.015151040603327587,AFM,675.8517478519539,17.985083154787898,17.985083154787898,15.151040603327587,5.488971618620934,601.6946356319581,240.44559571173056,,
30,0.059927290110599864,1.754689014897369,1.934460350530077,0.6461496270624748,0.020253975641571408,0.5238519356912132,0.11667299730664053,2.931303184908755,3.550592106328707,-0.45959979842197696,3.72539213484348,0.006200331809849944,90,0.6551287777537074,0.059927290110599864,,,,0.8226406802735463,1.7578459104336739,0.11761368340371689,0.6016946356319581,0.24044559571173055,0.6461496270624748,0.020253975641571408,0.020253975641571408,0.0054889716186209345,0.00894025827144977,AFM,646.1496270624748,20.253975641571408,20.253975641571408,8.94025827144977,5.488971618620934,601.6946356319581,240.44559571173056,,
31,0.059927290110599864,1.7693466369479725,1.9068868124620817,0.6458490359539077,0.01964777994238939,0.5243843956099362,0.11391356457327381,2.9398790859685033,3.4423146260230926,-0.4785494968644713,3.6406621352192072,1.3813328796051167,91,0.6524348948190382,0.059927290110599864,,,,0.8066062895388455,1.7771392783762248,0.11727171423620958,0.6016946356319581,0.24044559571173055,0.6458490359539077,0.01964777994238939,0.01964777994238939,0.0054889716186209345,0.00894025827144977,AFM,645.8490359539078,19.647779942389388,19.647779942389388,8.94025827144977,5.488971618620934,601.6946356319581,240.44559571173056,,
32,-0.00024331050121192879,1.7496513713188355,1.9304557451563569,0.6453114975003758,0.020426459248266263,0.5216038986786968,0.11631390812746825,2.9489247635962346,3.532425582032086,-0.45589104564656574,3.705800195613887,5.3454955496813215,90,0.6521638269619239,0.00024331050121192879,,,,0.7880505685684054,2.0340364192861173,0.1888806656792191,0.6016946356319581,0.24044559571173055,0.6453114975003758,0.020426459248266263,0.020426459248266263,0.0054889716186209345,0.0008662217997225052,AFM,645.3114975003757,20.426459248266262,20.426459248266262,0.8662217997225051,5.488971618620934,601.6946356319581,240.44559571173056,,
33,-0.00024331050121192879,1.666960523853651,1.7916863373994583,0.6468317475969938,0.02060202630484972,0.5313830816758475,0.12018095788025548,2.6613160905282673,3.384395374914895,-0.2222575993597467,3.5026310555489566,7.109332863973841,89,0.6512326211533065,0.00024331050121192879,,,,0.7843046031948258,1.9567823308037373,0.21049498541449826,0.6016946356319581,0.24044559571173055,0.6468317475969938,0.02060202630484972,0.02060202630484972,0.0054889716186209345,0.0008662217997225052,AFM,646.8317475969938,20.60202630484972,20.60202630484972,0.8662217997225051,5.488971618620934,601.6946356319581,240.44559571173056,,
34,-0.05993147503607766,2.010844584043404,2.3681591949007053,0.6420152818699397,0.021970326717717353,0.491916814205391,0.11226934826626656,3.8899810830965262,4.189674860111367,-1.1898813589525643,4.398589774882811,8.697882765240909,90,0.6510539303983967,0.05993147503607766,,,,0.7607841915078332,2.2776713001727495,0.25183437518521484,0.6016946356319581,0.24044559571173055,0.6420152818699397,0.021970326717717353,0.021970326717717353,0.0054889716186209345,0.0025185925163024024,AFM,642.0152818699397,21.970326717717352,21.970326717717352,2.5185925163024026,5.488971618620934,601.6946356319581,240.44559571173056,,
35,-0.05993147503607766,1.77013664558194,1.896496740557132,0.6445794455330662,0.01958226186777073,0.5239734872450597,0.11418195923289037,2.925264228940633,3.4355952645968824,-0.4637133447215182,3.6215078828014966,0.0074302370446630425,91,0.6502323127061123,0.05993147503607766,,,,0.8214004309652922,1.778657790662612,0.10852727286594173,0.6016946356319581,0.24044559571173055,0.6445794455330662,0.01958226186777073,0.01958226186777073,0.0054889716186209345,0.0025185925163024024,AFM,644.5794455330662,19.58226186777073,19.58226186777073,2.5185925163024026,5.488971618620934,601.6946356319581,240.44559571173056,,
36,-0.1200600991170672,1.6496571432401186,1.8180912909364302,0.6583772287599199,0.02133454092051215,0.5378666282651646,0.12061178309971497,2.724774585754234,3.4255473812870387,-0.3135714357093743,3.5837777329837825,1.165805033976986,90,0.6642576948216432,0.1200600991170672,,,,0.8362160711521502,1.6562936001456792,0.1093381814992044,0.6016946356319581,0.24044559571173055,0.6583772287599199,0.02133454092051215,0.02133454092051215,0.0054889716186209345,0.01835538632697994,AFM,658.3772287599198,21.33454092051215,21.33454092051215,18.35538632697994,5.488971618620934,601.6946356319581,240.44559571173056,,
37,-0.1200600991170672,1.6768395983533146,1.7959463614646674,0.6583466978192385,0.02113398534298203,0.534541982887368,0.1185812541265994,2.827628561779322,3.357131483864548,-0.3959408536349463,3.50526244874033,1.1778399803280053,90,0.6565529112032064,0.1200600991170672,,,,0.8211006888999789,1.7783179296127616,0.10318274304719856,0.6016946356319581,0.24044559571173055,0.6583466978192385,0.02113398534298203,0.02113398534298203,0.0054889716186209345,0.01835538632697994,AFM,658.3466978192384,21.13398534298203,21.13398534298203,18.35538632697994,5.488971618620934,601.6946356319581,240.44559571173056,,
38,-0.17998785097889244,1.1880155317114915,1.294134703215522,0.7021779314883266,0.026416280000440134,0.5995706757728246,0.14690139136926222,1.7223913225692902,2.829069883518676,0.4910675220566857,2.8815234477143425,5.831583265865847,90,0.703954893145992,0.17998785097889244,,,,0.873504538660713,1.3213161524718027,0.17550968887958734,0.6016946356319581,0.24044559571173055,0.7021779314883266,0.03964461765443615,0.026416280000440134,0.0054889716186209345,0.03964461765443615,AFM,702.1779314883266,39.64461765443615,26.416280000440135,39.64461765443615,5.488971618620934,601.6946356319581,240.44559571173056,,
39,-0.17998785097889244,1.116399283332881,1.1472802766892936,0.7043081376152305,0.026643037850276784,0.609512704762032,0.15309870607269982,1.512953946188095,2.6431815758798156,0.6875465622413566,2.6229139042469463,6.663219176138893,90,0.6988460391022043,0.17998785097889244,0.5045194453888892,0.15038824857930183,0.3735764505193918,0.878095895908281,1.2791994637035085,0.21199824320818195,0.6016946356319581,0.24044559571173055,0.7043081376152305,0.03964461765443615,0.026643037850276784,0.0054889716186209345,0.03964461765443615,AFM,704.3081376152305,39.64461765443615,26.643037850276784,39.64461765443615,5.488971618620934,601.6946356319581,240.44559571173056,504.51944538888915,150.38824857930183
40,-0.2399167097140172,1.1043265689780206,1.1929654805101089,0.7048050713942886,0.027383189409377607,0.6073042750769491,0.1524540690062722,1.5332011344230425,2.685037740987152,0.6653737225230122,2.710801513626866,2.099297308673172,91,0.7062065946523046,0.2399167097140172,0.5615093848262067,0.16322986599326775,0.326618655440619,0.8881280402668258,1.1870684441823192,0.10614388604149395,0.6016946356319581,0.24044559571173055,0.7048050713942886,0.027383189409377607,0.027383189409377607,0.0054889716186209345,0.004796646537198263,AFM,704.8050713942886,27.383189409377607,27.383189409377607,4.796646537198264,5.488971618620934,601.6946356319581,240.44559571173056,561.5093848262068,163.22986599326774
41,-0.2399167097140172,1.0616870248837231,1.1420170826646272,0.7058771678481462,0.028033096514746763,0.6154091704583772,0.16201143398117906,1.3818216697158578,2.7010610830075246,0.7996536327959081,2.6801915866913006,2.1154859343432326,90,0.7070277104380762,0.2399167097140172,0.48346014564197975,0.07246477670044942,0.38903053521755054,0.8724906808595303,1.2710145203090726,0.10449809969938106,0.6016946356319581,0.24044559571173055,0.7058771678481462,0.028033096514746763,0.028033096514746763,0.0054889716186209345,0.004796646537198263,AFM,705.8771678481462,28.033096514746763,28.033096514746763,4.796646537198264,5.488971618620934,601.6946356319581,240.44559571173056,483.46014564197975,72.46477670044942
42,-0.3000444875347654,0.743009185152918,0.5847086799998178,0.5231554964441882,0.032815226236968024,0.5029663629057671,0.22223123720643198,0.2288380289035585,2.1944801776167577,1.5487050208408761,1.328862845873065,2.79982590863702,90,0.5157092476224449,0.3000444875347654,0.4849234369807901,0.09661059292153812,0.26271545726530776,0.7476388942460979,0.970249649686079,0.10780167749740673,0.6016946356319581,0.24044559571173055,0.5231554964441882,0.032815226236968024,0.032815226236968024,0.0054889716186209345,0.001983451531004288,spinflip,523.1554964441882,32.81522623696802,32.81522623696802,1.9834515310042882,5.488971618620934,601.6946356319581,240.44559571173056,484.9234369807901,96.61059292153811
43,-0.3000444875347654,0.8114474059417817,0.7607313038141991,0.5185265848204409,0.03241056317937104,0.46670060572070476,0.20982910733104346,0.6308133878480287,2.3975851472046354,1.288485813555974,1.6983979019107198,2.2486049688304064,89,0.5188772901160321,0.3000444875347654,0.6021252104258796,0.19968310673261275,0.1589706517219993,0.7610958621478789,0.8564526856986334,0.1515425701808367,0.6016946356319581,0.24044559571173055,0.5185265848204409,0.03241056317937104,0.03241056317937104,0.0054889716186209345,0.001983451531004288,spinflip,518.5265848204409,32.41056317937104,32.41056317937104,1.9834515310042882,5.488971618620934,601.6946356319581,240.44559571173056,602.1252104258797,199.68310673261274
44,-0.3599733783797015,0.7155494470738787,0.6041419026335317,0.5253397475906814,0.03470638677268664,0.4956712800131084,0.22938715540155535,0.32299505903260617,2.2151114527779474,1.4579975989417728,1.4521416292092986,0.02712295441259449,90,0.5235486227985972,0.3599733783797015,0.6486904395767472,0.1889338467836091,0.1681541809825738,0.8168446205593209,0.7209118893681461,0.15933075041536982,0.6016946356319581,0.24044559571173055,0.5253397475906814,0.03470638677268664,0.03470638677268664,0.0054889716186209345,0.0009971716916124772,spinflip,525.3397475906813,34.70638677268664,34.70638677268664,0.9971716916124772,5.488971618620934,601.6946356319581,240.44559571173056,648.6904395767472,188.9338467836091
45,-0.3599733783797015,0.7219875792299717,0.621530067471833,0.523877470319539,0.03467013739391216,0.4873796826398086,0.2273176287111024,0.39964031485248525,2.2276385065609827,1.4135796022326865,1.4755033170600158,2.124161119210432,90,0.5195116642026052,0.3599733783797015,0.6020617222908404,0.11678320042692729,0.1732163723117353,0.7752780946025757,0.8116388802458446,0.11407842968478486,0.6016946356319581,0.24044559571173055,0.523877470319539,0.03467013739391216,0.03467013739391216,0.0054889716186209345,0.0009971716916124772,spinflip,523.877470319539,34.67013739391216,34.67013739391216,0.9971716916124772,5.488971618620934,601.6946356319581,240.44559571173056,602.0617222908404,116.7832004269273
46,-0.4200017147611679,0.6982749002929978,0.5550137507744922,0.5248577103846693,0.03498044430181831,0.5098497081984389,0.2351708283872536,0.16001480727302025,2.1813659898524373,1.5392402278152202,1.322395489602772,3.2771321217589544,90,0.520921773502505,0.4200017147611679,0.47586149452029813,0.11494818311780126,0.23879473947574412,0.7146562339960423,0.8957085565370047,0.13755924570331082,0.6016946356319581,0.24044559571173055,0.5248577103846693,0.03498044430181831,0.03498044430181831,0.0054889716186209345,0.0008159367759642928,FM,524.8577103846693,34.98044430181831,34.98044430181831,0.8159367759642928,5.488971618620934,601.6946356319581,240.44559571173056,475.86149452029815,114.94818311780126
47,-0.4200017147611679,0.6884556262053864,0.5802143435403151,0.5241926719368988,0.036013943572667774,0.4940571260140735,0.23837233930108737,0.3155200393278667,2.208341330139024,1.4705143848473845,1.4179359919865355,0.004694591961125695,90,0.5210518305418838,0.4200017147611679,0.6480145643557728,0.006400968495866706,0.16230958100644213,0.8103241453622149,0.6943464255677378,0.006176120673128077,0.6016946356319581,0.24044559571173055,0.5241926719368988,0.036013943572667774,0.036013943572667774,0.0054889716186209345,0.0008159367759642928,FM,524.1926719368988,36.01394357266778,36.01394357266778,0.8159367759642928,5.488971618620934,601.6946356319581,240.44559571173056,648.0145643557728,6.400968495866707
48,-0.4800300511426342,0.6890274471872485,0.5806142009407925,0.5224020331751753,0.03599396614418427,0.49002292647744916,0.23817573554263152,0.3387579462983251,2.2083891903466775,1.4520841448981843,1.4099992132790218,1.127453869745786,90,0.5177170737204408,0.4800300511426342,0.5858005993413693,0.07916978707111985,0.1824832485084764,0.7682838478498457,0.805722042663551,0.07075882721701092,0.6016946356319581,0.24044559571173055,0.5224020331751753,0.03599396614418427,0.03599396614418427,0.0054889716186209345,0.0016535334148391812,FM,522.4020331751753,35.99396614418427,35.99396614418427,1.6535334148391811,5.488971618620934,601.6946356319581,240.44559571173056,585.8005993413693,79.16978707111986
49,-0.4800300511426342,0.6874416607832509,0.5780312986671664,0.5245413610430361,0.03597005049107567,0.49862643071939544,0.23872693668222625,0.27134320381740223,2.2069464057016743,1.4868160258493954,1.4220853893816436,0.00540908253694226,90,0.5249045959591181,0.4800300511426342,0.612002351079335,0.04332638940183023,0.1662235351988515,0.7782258862781865,0.6925636805238227,0.09010141004463319,0.6016946356319581,0.24044559571173055,0.5245413610430361,0.03597005049107567,0.03597005049107567,0.0054889716186209345,0.0016535334148391812,FM,524.5413610430361,35.97005049107567,35.97005049107567,1.6535334148391811,5.488971618620934,601.6946356319581,240.44559571173056,612.002351079335,43.32638940183023
50,-0.5399578976179532,0.6875415432120195,0.6000959936740021,0.5209324539337175,0.03642577858229577,0.4833310770990958,0.23856280235689267,0.3917004178017246,2.2263323005282554,1.423771507372273,1.4536728765228095,2.2368829214119956,90,0.5168892725466934,0.5399578976179532,0.5651649094763183,0.1303385634304534,0.18017524891593623,0.7453401583922545,0.8346551724831444,0.11728452231959823,0.6016946356319581,0.24044559571173055,0.5209324539337175,0.03642577858229577,0.03642577858229577,0.0054889716186209345,0.00087741543241657,FM,520.9324539337174,36.42577858229577,36.42577858229577,0.8774154324165699,5.488971618620934,601.6946356319581,240.44559571173056,565.1649094763183,130.3385634304534
51,-0.5399578976179532,0.6811194105847196,0.5834136514020369,0.5224837820321893,0.036506209706801324,0.4913328075649852,0.24087688706275048,0.3225789851244466,2.2149860114631643,1.4633711174106245,1.4329544624346733,0.004973911758920483,90,0.5206205299599198,0.5399578976179532,0.6407223684108858,0.06468670466324769,0.15839906461477188,0.7991214330256576,0.6869350935129372,0.09061608996995509,0.6016946356319581,0.24044559571173055,0.5224837820321893,0.036506209706801324,0.036506209706801324,0.0054889716186209345,0.00087741543241657,FM,522.4837820321893,36.50620970680132,36.50620970680132,0.8774154324165699,5.488971618620934,601.6946356319581,240.44559571173056,640.7223684108858,64.6867046632477
52,-0.5998878445176232,0.6870806235831401,0.5977628998951471,0.5221752126999999,0.03635859677334643,0.4879571409675262,0.23873582477719194,0.35700639871388634,2.224507397392998,1.4382615677001411,1.4576759663918049,1.1332939455466675,90,0.5198745632999999,0.5998878445176232,0.5642724420704132,0.13232810690695498,0.18306686113575868,0.7473393032061718,0.8363114720654925,0.10568345395708406,0.6016946356319581,0.24044559571173055,0.5221752126999999,0.03635859677334643,0.03635859677334643,0.0054889716186209345,0.012386361113119108,FM,522.1752126999999,36.35859677334643,36.35859677334643,12.386361113119108,5.488971618620934,601.6946356319581,240.44559571173056,564.2724420704131,132.32810690695499
53,-0.5998878445176232,0.6725385685334362,0.5920291278938203,0.5222377800400801,0.037726010704200764,0.48695613295995827,0.25275025859123523,0.360099145311418,2.309262342288802,1.4499832335373035,1.4891905044833351,1.0678064028304801,89,0.5194361208016033,0.5998878445176232,0.5803550544077734,0.13003845493495453,0.17476955127189217,0.7551246056796656,0.7817067394036163,0.1254961044036164,0.6016946356319581,0.24044559571173055,0.5222377800400801,0.037726010704200764,0.037726010704200764,0.0054889716186209345,0.012386361113119108,FM,522.2377800400801,37.72601070420077,37.72601070420077,12.386361113119108,5.488971618620934,601.6946356319581,240.44559571173056,580.3550544077733,130.03845493495453
54,-0.6600156344360336,0.6978426439835389,0.6760251039169543,0.5209172921901803,0.03639960072295061,0.47787471860485153,0.23455971613176013,0.45368049658415444,2.2918511614463632,1.3780500603407992,1.6066350900234847,0.9834942282189711,90,0.527543674901052,0.6600156344360336,0.6416525393212219,0.054766048401302114,0.13350917360722955,0.7751617129284515,0.7007399342284608,0.11160317169805307,0.6016946356319581,0.24044559571173055,0.5209172921901803,0.03639960072295061,0.03639960072295061,0.0054889716186209345,0.0017846592986618594,FM,520.9172921901803,36.399600722950616,36.399600722950616,1.7846592986618595,5.488971618620934,601.6946356319581,240.44559571173056,641.6525393212219,54.766048401302115
55,-0.6600156344360336,0.6671515313084551,0.560067530106124,0.5231616695991984,0.037553016867540354,0.49663313541647597,0.2550125937603762,0.26959947952186475,2.2854296164396883,1.4963850900990499,1.42298524397026,1.1091821367990822,89,0.5187537382627756,0.6600156344360336,0.5615300816193022,0.13315370807273577,0.20313708304951508,0.7646671646688172,0.8149828899662425,0.07046146111411396,0.6016946356319581,0.24044559571173055,0.5231616695991984,0.037553016867540354,0.037553016867540354,0.0054889716186209345,0.0017846592986618594,FM,523.1616695991984,37.55301686754035,37.55301686754035,1.7846592986618595,5.488971618620934,601.6946356319581,240.44559571173056,561.5300816193022,133.15370807273578
56,-0.7199455746790865,0.6848885035231339,0.6048432547596999,0.5210722784135021,0.03668349075914502,0.481465590579362,0.23943433242385162,0.41042868922360276,2.2319488860211383,1.4086356682703556,1.4652721455973727,2.1016170578882516,90,0.5181518753828658,0.7199455746790865,0.5539132910375213,0.1038405820762778,0.15823870158052594,0.7121519926180472,0.7716613068542759,0.1739943809484479,0.6016946356319581,0.24044559571173055,0.5210722784135021,0.03668349075914502,0.03668349075914502,0.0054889716186209345,0.010186496081295784,FM,521.0722784135021,36.683490759145016,36.683490759145016,10.186496081295784,5.488971618620934,601.6946356319581,240.44559571173056,553.9132910375213,103.8405820762778
57,-0.7199455746790865,0.6912007591371234,0.6061578313306881,0.5211171798632265,0.03630286046855696,0.48221570852431567,0.23729233062984,0.4071364093458561,2.2298932080624105,1.4040225070155594,1.4626968533044487,2.168684123978965,90,0.5174467632058117,0.7199455746790865,0.5516224594173276,0.11439600303390342,0.1810442619687781,0.7326667213861057,0.8754967154276638,0.09828761187885462,0.6016946356319581,0.24044559571173055,0.5211171798632265,0.03630286046855696,0.03630286046855696,0.0054889716186209345,0.010186496081295784,FM,521.1171798632265,36.302860468556965,36.302860468556965,10.186496081295784,5.488971618620934,601.6946356319581,240.44559571173056,551.6224594173276,114.39600303390341
58,-0.779873427807359,0.6828436110732083,0.5789821980595219,0.5219574156942134,0.03636030921920653,0.48921381403605757,0.24030262043780032,0.33972757775021317,2.2101932702954943,1.4427489004521374,1.4129815836563506,1.1177167762050704,90,0.51837968650501,0.779873427807359,0.5368829328449273,0.08240786212217655,0.17560016992810654,0.7124831027730338,0.7933750331489293,0.11623265849396834,0.6016946356319581,0.24044559571173055,0.5219574156942134,0.03636030921920653,0.03636030921920653,0.0054889716186209345,0.0004521404135656619,FM,521.9574156942134,36.36030921920653,36.36030921920653,0.45214041356566187,5.488971618620934,601.6946356319581,240.44559571173056,536.8829328449273,82.40786212217654
59,-0.779873427807359,0.6798377678204909,0.6010333229319161,0.521767325861473,0.03686599998878119,0.4856609923514508,0.24120239269030855,0.3722147930225665,2.2311740772571533,1.4295056336074585,1.4703101441318362,0.004886263321152055,90,0.520409093537475,0.779873427807359,0.6522035704288057,0.006137037874493469,0.14675025625847207,0.7989538266872778,0.6834747021040217,0.005922629597494117,0.6016946356319581,0.24044559571173055,0.521767325861473,0.03686599998878119,0.03686599998878119,0.0054889716186209345,0.0004521404135656619,FM,521.767325861473,36.86599998878119,36.86599998878119,0.45214041356566187,5.488971618620934,601.6946356319581,240.44559571173056,652.2035704288057,6.137037874493469
60,-0.8400001795833141,1.5567881948275188,1.9274742937021603,0.5434906561974449,0.02381341204339079,0.6738471980452181,0.12367867781597949,-2.72918110463885,3.645838055170395,2.4236829405378,0.8319313500140897,2.8421858068530725,90,0.5198188886114729,0.8400001795833141,,,,,2.162485429904411,,0.6016946356319581,0.24044559571173055,0.5434906561974449,0.02381341204339079,0.02381341204339079,0.0054889716186209345,0.011004580041104911,FM,543.4906561974449,23.81341204339079,23.81341204339079,11.00458004110491,5.488971618620934,601.6946356319581,240.44559571173056,,
61,-0.8400001795833141,0.6793563989451736,0.5906411377909215,0.5216902476785823,0.03671882094889284,0.48867472330807205,0.2414374565040407,0.3408636063648976,2.222180580677778,1.4431933759673692,1.4499583254863921,1.0984195910805938,90,0.5200043424705412,0.8400001795833141,0.5775932589634298,0.09190717154978235,0.17817227469233837,0.7557655336557682,0.8079816389637176,0.11240830420488926,0.6016946356319581,0.24044559571173055,0.5216902476785823,0.03671882094889284,0.03671882094889284,0.0054889716186209345,0.011004580041104911,FM,521.6902476785823,36.71882094889284,36.71882094889284,11.00458004110491,5.488971618620934,601.6946356319581,240.44559571173056,577.5932589634299,91.90717154978235
62,-0.8999290756498536,0.6830168334885922,0.5827788352453595,0.5216502371585671,0.03641554047629139,0.4879444479520618,0.24022005417669823,0.34943435980765764,2.213407365399561,1.4334917597223982,1.4213789722078094,1.007311607401108,90,0.518047958004008,0.8999290756498536,0.6357427077872657,0.07287699667063667,0.15132323551383303,0.7870659433010988,0.7098884797176382,0.10808640055236922,0.6016946356319581,0.24044559571173055,0.5216502371585671,0.03641554047629139,0.03641554047629139,0.0054889716186209345,0.0006735080028745934,FM,521.650237158567,36.41554047629139,36.41554047629139,0.6735080028745934,5.488971618620934,601.6946356319581,240.44559571173056,635.7427077872658,72.87699667063667
63,-0.8999290756498536,0.6740518640101512,0.5843682762622538,0.5216591485298597,0.03748836997936851,0.4895719338562705,0.25226207633283104,0.32854069816264814,2.302086428535686,1.4517603317154235,1.4719767842604858,0.005355934040122099,89,0.51874927389499,0.8999290756498536,0.6589116783391916,0.06079449257311755,0.1502222388096782,0.8091339171488698,0.678139965942601,0.06465244585331709,0.6016946356319581,0.24044559571173055,0.5216591485298597,0.03748836997936851,0.03748836997936851,0.0054889716186209345,0.0006735080028745934,FM,521.6591485298597,37.488369979368514,37.488369979368514,0.6735080028745934,5.488971618620934,601.6946356319581,240.44559571173056,658.9116783391917,60.79449257311755
64,-0.8999290756498536,0.670898744615771,0.5536748173392209,0.523083331757014,0.03667991579275781,0.49626243122021324,0.2446585248341002,0.2740985488288296,2.1947896132016433,1.4819417996000748,1.3638765396904848,1.105585495503022,90,0.5184469456232464,0.8999290756498536,0.5788998739627305,0.0983144201874252,0.19238604659795028,0.7712859205606807,0.8042611875252657,0.06978958619745144,0.6016946356319581,0.24044559571173055,0.523083331757014,0.03667991579275781,0.03667991579275781,0.0054889716186209345,0.0006735080028745934,FM,523.0833317570141,36.67991579275781,36.67991579275781,0.6735080028745934,5.488971618620934,601.6946356319581,240.44559571173056,578.8998739627305,98.3144201874252
65,-0.8999290756498536,0.6643739585696893,0.584167942632096,0.52214389921999,0.03767824439774845,0.48382024067838125,0.24680568678272205,0.3854251326620091,2.2240870803227333,1.4332067886265696,1.4415902460518464,0.004423762197253064,90,0.5181313007406814,0.8999290756498536,0.644180291768117,0.0758836988038567,0.14477451047822043,0.7889548022463374,0.6689124384129046,0.06026161752732075,0.6016946356319581,0.24044559571173055,0.52214389921999,0.03767824439774845,0.03767824439774845,0.0054889716186209345,0.0006735080028745934,FM,522.1438992199901,37.67824439774845,37.67824439774845,0.6735080028745934,5.488971618620934,601.6946356319581,240.44559571173056,644.180291768117,75.8836988038567
66,-0.8401990845627005,0.676987298795806,0.5881803618849464,0.5218238452984468,0.036905738953375185,0.4849687404420839,0.24228317077610567,0.37842540769429717,2.2212536819696225,1.4261269379149861,1.4386977901410225,2.1211750741037347,90,0.517324775093537,0.8401990845627005,0.5449694189735976,0.11042139888679202,0.18681088044396385,0.7317802994175615,0.8593997139832418,0.09683355155714456,0.6016946356319581,0.24044559571173055,0.5218238452984468,0.036905738953375185,0.036905738953375185,0.0054889716186209345,0.011004580041104911,FM,521.8238452984468,36.905738953375185,36.905738953375185,11.00458004110491,5.488971618620934,601.6946356319581,240.44559571173056,544.9694189735976,110.42139888679202
67,-0.8401990845627005,0.6880317340482355,0.6053431193211205,0.5209688532749248,0.036489078710374545,0.4818690863552369,0.23837299023289338,0.40740690068907215,2.2308758306441234,1.4021550519321415,1.4637088601406496,2.029059940845768,90,0.5183961893326653,0.8401990845627005,0.5671534003208525,0.07948825321178139,0.15266128432178788,0.7198146846426403,0.7667558833989647,0.13064336225654435,0.6016946356319581,0.24044559571173055,0.5209688532749248,0.036489078710374545,0.036489078710374545,0.0054889716186209345,0.011004580041104911,FM,520.9688532749249,36.48907871037454,36.48907871037454,11.00458004110491,5.488971618620934,601.6946356319581,240.44559571173056,567.1534003208525,79.4882532117814
68,-0.779873421652514,0.6817671511926217,0.5845024208371263,0.5211606319995492,0.0365235923042632,0.48710683976372093,0.24064242691775753,0.35228520087770643,2.2155705997698245,1.437097316064592,1.4264238757891607,2.2055587229298252,90,0.5159175469351704,0.779873421652514,0.5427403534005905,0.1165035234203163,0.19539476896516875,0.7381351223657592,0.8777411245034783,0.11687980502284973,0.6016946356319581,0.24044559571173055,0.5211606319995492,0.0365235923042632,0.0365235923042632,0.0054889716186209345,0.0004521404135656619,FM,521.1606319995492,36.5235923042632,36.5235923042632,0.45214041356566187,5.488971618620934,601.6946356319581,240.44559571173056,542.7403534005905,116.5035234203163
69,-0.779873421652514,0.6749618595361354,0.5926159291492752,0.5222250417340931,0.03705303944789882,0.48725153790736647,0.24295884209228638,0.358167945255285,2.226142775511666,1.440968159651683,1.4577843139988016,0.005059181319752915,90,0.5207335282673347,0.779873421652514,0.6506776617798703,0.03954261692349714,0.14801083783296412,0.7986884996128344,0.679703474652478,0.06316860063326918,0.6016946356319581,0.24044559571173055,0.5222250417340931,0.03705303944789882,0.03705303944789882,0.0054889716186209345,0.0004521404135656619,FM,522.2250417340931,37.05303944789882,37.05303944789882,0.45214041356566187,5.488971618620934,601.6946356319581,240.44559571173056,650.6776617798703,39.54261692349714
70,-0.7199445259879402,0.6816605856508869,0.5728962083781198,0.5226775487529057,0.03681358125135381,0.4951959034842484,0.24958633677348974,0.2853843717008866,2.2887176687945856,1.472935842209954,1.437317582005114,1.1105876151080065,89,0.5191013165212925,0.7199445259879402,0.5672449099467837,0.13307906831150873,0.19502855491719548,0.7622734648639792,0.8304840043488617,0.11106163265403546,0.6016946356319581,0.24044559571173055,0.5226775487529057,0.03681358125135381,0.03681358125135381,0.0054889716186209345,0.010186496081295784,FM,522.6775487529058,36.81358125135381,36.81358125135381,10.186496081295784,5.488971618620934,601.6946356319581,240.44559571173056,567.2449099467837,133.07906831150873
71,-0.7199445259879402,1.3918549917046001,1.7502550350221844,0.54194056680749,0.024963616092019022,0.663936912892496,0.13106435734154367,-2.3207728079590106,3.4306672823487707,2.326537901250553,0.8244646734697674,1.8384737920660095,90,0.5168544752798098,0.7199445259879402,,,,,1.8516484978408485,,0.6016946356319581,0.24044559571173055,0.54194056680749,0.024963616092019022,0.024963616092019022,0.0054889716186209345,0.010186496081295784,FM,541.9405668074901,24.963616092019024,24.963616092019024,10.186496081295784,5.488971618620934,601.6946356319581,240.44559571173056,,
72,-0.6600156308755118,0.6932802423231967,0.6195660126501914,0.5208899556832414,0.03629146911649466,0.482814034459548,0.23650991260827167,0.3996603224911109,2.2409794832071803,1.4086491164483241,1.4952199119105443,2.1118292365662366,90,0.5195116698822645,0.6600156308755118,0.6040711731592954,0.18618744531094011,0.1612012575346605,0.7652724306939559,0.785656937308421,0.14003791495985798,0.6016946356319581,0.24044559571173055,0.5208899556832414,0.03629146911649466,0.03629146911649466,0.0054889716186209345,0.0017846592986618594,FM,520.8899556832414,36.29146911649466,36.29146911649466,1.7846592986618595,5.488971618620934,601.6946356319581,240.44559571173056,604.0711731592954,186.18744531094012
73,-0.6600156308755118,0.7070912880152226,0.6846574239980114,0.5187914678062124,0.03668278149104048,0.46517352956044733,0.23154706103462147,0.5682204327788771,2.29571629767952,1.315064937400751,1.5896683324818623,3.38247467047472,90,0.51790668357996,0.6600156308755118,0.5797400119856666,0.14973995451344574,0.1437056852318583,0.7234456972175249,0.8452734270835012,0.14813593904279185,0.6016946356319581,0.24044559571173055,0.5187914678062124,0.03668278149104048,0.03668278149104048,0.0054889716186209345,0.0017846592986618594,FM,518.7914678062124,36.68278149104048,36.68278149104048,1.7846592986618595,5.488971618620934,601.6946356319581,240.44559571173056,579.7400119856666,149.73995451344575
74,-0.5998878322653328,0.6697716164485981,0.5600210127888787,0.5231202711965179,0.03686323570851099,0.49725421408467474,0.24502701454981304,0.2641050474890497,2.2007163265500242,1.5005018917210695,1.3906210266265415,2.1264089930435897,90,0.5201517700561122,0.5998878322653328,0.554116881898393,0.12217144741425802,0.20639622353765114,0.7605131054360441,0.8201172911452688,0.09724212968557731,0.6016946356319581,0.24044559571173055,0.5231202711965179,0.03686323570851099,0.03686323570851099,0.0054889716186209345,0.012386361113119108,FM,523.1202711965179,36.863235708510985,36.863235708510985,12.386361113119108,5.488971618620934,601.6946356319581,240.44559571173056,554.116881898393,122.17144741425803
75,-0.5998878322653328,1.5388026245558557,1.9058589671485442,0.5472687726107466,0.024870816575759385,0.6809441150904154,0.12438150415180851,-2.747855890741522,3.6180979569164395,2.4784961124139624,0.8537780819702567,0.7836598282723486,90,0.5298422221162324,0.5998878322653328,,,,,2.290093442564758,,0.6016946356319581,0.24044559571173055,0.5472687726107466,0.024870816575759385,0.024870816575759385,0.0054889716186209345,0.012386361113119108,FM,547.2687726107466,24.870816575759385,24.870816575759385,12.386361113119108,5.488971618620934,601.6946356319581,240.44559571173056,,
76,-0.5399578976179532,0.690106717959565,0.5983220589152808,0.5223129319786823,0.036180527553575155,0.4883664452351042,0.23770707559366883,0.3556886313058838,2.223425370545307,1.4390875181602159,1.4561269370707897,0.005450559016229035,90,0.5206210090440381,0.5399578976179532,0.6512458586460711,0.11364084741012241,0.15168886515216237,0.8029347237982335,0.6962033360191846,0.08125282927523557,0.6016946356319581,0.24044559571173055,0.5223129319786823,0.036180527553575155,0.036180527553575155,0.0054889716186209345,0.00087741543241657,FM,522.3129319786823,36.18052755357515,36.18052755357515,0.8774154324165699,5.488971618620934,601.6946356319581,240.44559571173056,651.245858646071,113.6408474101224
77,-0.5399578976179532,0.6800558498775182,0.5614473466660587,0.5229820394187374,0.036222455404686396,0.4953816451109696,0.2413730435734723,0.28578908759801064,2.1966180189149287,1.4826491044416177,1.3724931073957702,1.0818765577984737,90,0.5178015939983966,0.5399578976179532,0.5746310288273015,0.14582465450878515,0.19236782743233444,0.766998856259636,0.8051650994052233,0.1107129138845043,0.6016946356319581,0.24044559571173055,0.5229820394187374,0.036222455404686396,0.036222455404686396,0.0054889716186209345,0.00087741543241657,FM,522.9820394187375,36.22245540468639,36.22245540468639,0.8774154324165699,5.488971618620934,601.6946356319581,240.44559571173056,574.6310288273015,145.82465450878516
78,-0.4800300462471073,0.6834798155812171,0.5815616555427993,0.5229793595186873,0.03633450285328513,0.49246419613691733,0.2400683145377164,0.31739896990264793,2.2121114792741756,1.4677650185138325,1.4264230963333169,0.004803698393517965,90,0.5212318298409319,0.4800300462471073,0.6509041558656838,0.10537936935427493,0.15946701584210637,0.8103711717077903,0.6857152615510249,0.10273778716597629,0.6016946356319581,0.24044559571173055,0.5229793595186873,0.03633450285328513,0.03633450285328513,0.0054889716186209345,0.0016535334148391812,FM,522.9793595186874,36.33450285328513,36.33450285328513,1.6535334148391811,5.488971618620934,601.6946356319581,240.44559571173056,650.9041558656838,105.37936935427493
79,-0.4800300462471073,0.7033594820194861,0.6221084130552644,0.5205380939245742,0.035814670262749905,0.4798169023557003,0.23319150752771198,0.4330452472567926,2.2380796121822764,1.3936103983331494,1.4839493532592893,1.058716592536906,90,0.5172810028681363,0.4800300462471073,0.6333960764789676,0.05663160687606138,0.1416444156190901,0.7750404920980577,0.7167407357416202,0.09474680594640723,0.6016946356319581,0.24044559571173055,0.5205380939245742,0.035814670262749905,0.035814670262749905,0.0054889716186209345,0.0016535334148391812,FM,520.5380939245741,35.81467026274991,35.81467026274991,1.6535334148391811,5.488971618620934,601.6946356319581,240.44559571173056,633.3960764789675,56.631606876061376
80,-0.4199012117153272,0.698216253421201,0.6184297499135986,0.5228931575991983,0.03603126883324115,0.4839604926357798,0.23489139230867226,0.4116209873435383,2.2374162531458253,1.4136118602446495,1.4893062776348753,1.0969336894510784,90,0.5198029222332664,0.4199012117153272,0.5971107416073171,0.08895307942811849,0.16570196542381158,0.7628127070311287,0.7835066704633338,0.1362769673862092,0.6016946356319581,0.24044559571173055,0.5228931575991983,0.03603126883324115,0.03603126883324115,0.0054889716186209345,0.0008159367759642928,FM,522.8931575991983,36.03126883324115,36.03126883324115,0.8159367759642928,5.488971618620934,601.6946356319581,240.44559571173056,597.1107416073171,88.95307942811849
81,-0.4199012117153272,0.69561667434428,0.6015730190023156,0.5239571975398797,0.0359266281404389,0.48842015185068455,0.23585159142071346,0.3751988221076253,2.223517653967253,1.4338715706661087,1.4578916822267254,1.1021189121990658,90,0.5205884134079157,0.4199012117153272,0.5420207038255829,0.056803708639994635,0.17651707692770302,0.7185377807532859,0.8164830838733369,0.09546350579585137,0.6016946356319581,0.24044559571173055,0.5239571975398797,0.0359266281404389,0.0359266281404389,0.0054889716186209345,0.0008159367759642928,FM,523.9571975398796,35.9266281404389,35.9266281404389,0.8159367759642928,5.488971618620934,601.6946356319581,240.44559571173056,542.0207038255829,56.80370863999463
82,-0.3599733701261803,0.7078539116503714,0.5992752203853112,0.524765086482064,0.03514646079574316,0.49166037349426295,0.23185635367700916,0.3560107699617795,2.2148691028714023,1.4473249084568667,1.4409457225887587,2.1900326942621877,90,0.5220205264218436,0.3599733701261803,0.5602032416728934,0.10582043743420061,0.196786397379472,0.7569896390523654,0.8609310900634495,0.116692467861929,0.6016946356319581,0.24044559571173055,0.524765086482064,0.03514646079574316,0.03514646079574316,0.0054889716186209345,0.0009971716916124772,spinflip,524.765086482064,35.14646079574317,35.14646079574317,0.9971716916124772,5.488971618620934,601.6946356319581,240.44559571173056,560.2032416728933,105.82043743420061
83,-0.3599733701261803,0.7183740736367153,0.6556563430996669,0.5230701274794588,0.03528049167467936,0.4814777737882351,0.22826282051107555,0.4515337701938968,2.2618319756417993,1.3913460239378987,1.5518710948014538,3.477960221428876,90,0.5249348877064127,0.3599733701261803,0.5603371357301528,0.1259435855520969,0.17855465014339864,0.7388917858735514,0.8677366183380797,0.15560827065553942,0.6016946356319581,0.24044559571173055,0.5230701274794588,0.03528049167467936,0.03528049167467936,0.0054889716186209345,0.0009971716916124772,spinflip,523.0701274794588,35.28049167467936,35.28049167467936,0.9971716916124772,5.488971618620934,601.6946356319581,240.44559571173056,560.3371357301528,125.94358555209689
84,-0.3000434421879605,0.763948469194608,0.6178618804148387,0.521465303759018,0.0322912916357252,0.4943538180058344,0.21500125133481623,0.31539761935271743,2.2002429119019555,1.4804804135250373,1.4100490668334196,0.006776061053349355,90,0.5176516326477956,0.3000434421879605,0.6223399346186356,0.012950579114532644,0.19424005971198904,0.8165799943306247,0.7680571431743269,0.006986141202752007,0.6016946356319581,0.24044559571173055,0.521465303759018,0.0322912916357252,0.0322912916357252,0.0054889716186209345,0.001983451531004288,spinflip,521.465303759018,32.2912916357252,32.2912916357252,1.9834515310042882,5.488971618620934,601.6946356319581,240.44559571173056,622.3399346186355,12.950579114532644
85,-0.3000434421879605,0.7714747839891662,0.6607454890242492,0.519997763799474,0.032575449473750254,0.4810136204192193,0.21292193048868596,0.4551866669857408,2.2374386422284847,1.4054739337682085,1.504378733018077,0.005346339804247763,90,0.5162497162725452,0.3000434421879605,0.615267325748465,0.04121050196318476,0.17546325603640844,0.7907305817848734,0.7743239070813861,0.09084462824405258,0.6016946356319581,0.24044559571173055,0.519997763799474,0.032575449473750254,0.032575449473750254,0.0054889716186209345,0.001983451531004288,spinflip,519.997763799474,32.575449473750254,32.575449473750254,1.9834515310042882,5.488971618620934,601.6946356319581,240.44559571173056,615.2673257484649,41.21050196318476
86,-0.2399167097140172,0.9322458101148074,0.8521701057329104,0.6997238419423848,0.028070467654119195,0.6394361853808218,0.1753319037217315,0.8370883617505075,2.3235191157885193,1.2918414096611728,2.13699588822311,3.6348345341835646,91,0.6982745962973949,0.2399167097140172,0.47364173171725615,0.07239685784211695,0.4299206048083814,0.9035623365256376,1.1613133418654886,0.13991615648707736,0.6016946356319581,0.24044559571173055,0.6997238419423848,0.028070467654119195,0.028070467654119195,0.0054889716186209345,0.004796646537198263,AFM,699.7238419423848,28.070467654119195,28.070467654119195,4.796646537198264,5.488971618620934,601.6946356319581,240.44559571173056,473.64173171725616,72.39685784211696
87,-0.2399167097140172,1.183387764148255,0.9868077125042136,0.711419617050576,0.021041785508482846,0.7473860230668333,0.14155554408145427,-0.6453246375918272,2.3397813735727286,2.0863775101548816,1.4315592923630434,7.19693589632522,90,0.6983988240209418,0.2399167097140172,,,0.4877775228019864,,1.3717901876967078,0.22401083513890638,0.6016946356319581,0.24044559571173055,0.711419617050576,0.021041785508482846,0.021041785508482846,0.0054889716186209345,0.004796646537198263,AFM,711.419617050576,21.041785508482846,21.041785508482846,4.796646537198264,5.488971618620934,601.6946356319581,240.44559571173056,,
88,-0.1799878379224552,1.841387399706293,1.9274392672352256,0.635676240482465,0.018457308527676557,0.5175008900059419,0.11098463862980192,2.9953482181945867,3.4248831192402083,-0.5182513544197451,3.621118301669243,1.1283006646634024,91,0.6411453323722444,0.1799878379224552,,,,0.7996856857349492,1.9935982964651053,0.11552130174753321,0.6016946356319581,0.24044559571173055,0.635676240482465,0.03964461765443615,0.018457308527676557,0.0054889716186209345,0.03964461765443615,AFM,635.676240482465,39.64461765443615,18.457308527676556,39.64461765443615,5.488971618620934,601.6946356319581,240.44559571173056,,
89,-0.1799878379224552,1.9529150248391607,2.090991661527885,0.6335430378649298,0.017978551476206757,0.5131074410912805,0.11088045409833767,3.223616344298744,3.7013154050732258,-0.7469292919811723,3.91915389002454,4.258927359587905,90,0.6414492260133267,0.1799878379224552,,,,0.7989610965956514,1.9604947499295404,0.15880212861484935,0.6016946356319581,0.24044559571173055,0.6335430378649298,0.03964461765443615,0.017978551476206757,0.0054889716186209345,0.03964461765443615,AFM,633.5430378649298,39.64461765443615,17.978551476206757,39.64461765443615,5.488971618620934,601.6946356319581,240.44559571173056,,
90,-0.12006005913708356,1.3092974880474615,1.4908838234347992,0.6909930272496994,0.024613170709340573,0.5868295943761487,0.13973326957231777,1.9224687756596037,3.1070101591048975,0.3359260459705469,3.2248889519466313,8.19832752177201,89,0.7036044060737475,0.12006005913708356,,,,0.825091175091445,1.4875702429853614,0.22345084388721287,0.6016946356319581,0.24044559571173055,0.6909930272496994,0.024613170709340573,0.024613170709340573,0.0054889716186209345,0.01835538632697994,AFM,690.9930272496994,24.613170709340572,24.613170709340572,18.35538632697994,5.488971618620934,601.6946356319581,240.44559571173056,,
91,-0.12006005913708356,1.3471030603286172,1.477426056717566,0.6892690486397796,0.023799538052889084,0.5810568698875583,0.13152557589042285,2.041255193393973,2.965883899235502,0.23188139320211895,3.111217842575181,1.283039951504241,91,0.6969197465970942,0.12006005913708356,,,,0.8475512542959451,1.3494630602202695,0.10935166074823334,0.6016946356319581,0.24044559571173055,0.6892690486397796,0.023799538052889084,0.023799538052889084,0.0054889716186209345,0.01835538632697994,AFM,689.2690486397796,23.799538052889083,23.799538052889083,18.35538632697994,5.488971618620934,601.6946356319581,240.44559571173056,,
92,-0.05993143582461545,1.8231373921639278,2.001611685993936,0.6452496040537575,0.01976245111621702,0.5203655758259425,0.11424309758703556,3.0947670910652763,3.6137363153740156,-0.6157457254274693,3.8163742498991167,3.4412637485332995,90,0.6532486872390781,0.05993143582461545,,,,0.7988542590576727,1.8333789043391056,0.18376349517974205,0.6016946356319581,0.24044559571173055,0.6452496040537575,0.01976245111621702,0.01976245111621702,0.0054889716186209345,0.0025185925163024024,AFM,645.2496040537575,19.76245111621702,19.76245111621702,2.5185925163024026,5.488971618620934,601.6946356319581,240.44559571173056,,
93,-0.05993143582461545,1.6407705059681632,1.7429967243615525,0.6481436047166081,0.019954464332754166,0.5384508134206166,0.11867365723650315,2.51421037614773,3.2629567865852644,-0.12680203560076378,3.412439027098592,7.386015361254302,90,0.6557864785619237,0.05993143582461545,,,,0.8142221392677135,1.7075381656102575,0.23585340298353413,0.6016946356319581,0.24044559571173055,0.6481436047166081,0.019954464332754166,0.019954464332754166,0.0054889716186209345,0.0025185925163024024,AFM,648.1436047166081,19.954464332754167,19.954464332754167,2.5185925163024026,5.488971618620934,601.6946356319581,240.44559571173056,,
94,-0.00023194827009486406,1.745208768574787,1.8774540658709746,0.6454886454070391,0.01993538107473685,0.526135562598584,0.11622421772510572,2.8607493378848714,3.4503180922935837,-0.40751406580750055,3.6139715706424025,1.2759555677596863,90,0.649248663446493,0.00023194827009486406,,,,0.8215473866623275,1.7804236822166142,0.11559459742786092,0.6016946356319581,0.24044559571173055,0.6454886454070391,0.01993538107473685,0.01993538107473685,0.0054889716186209345,0.0008662217997225052,AFM,645.4886454070391,19.93538107473685,19.93538107473685,0.8662217997225051,5.488971618620934,601.6946356319581,240.44559571173056,,
95,-0.00023194827009486406,1.6516917852086437,1.7586658388356415,0.6469536273555109,0.020241936271879403,0.5335323457104352,0.11835487913247501,2.5999386998183756,3.2837186201472504,-0.17593983077611475,3.424907766427381,3.4729784350173,90,0.6518134313535069,0.00023194827009486406,,,,0.8115189651043117,1.8253006684547604,0.16165526019273493,0.6016946356319581,0.24044559571173055,0.6469536273555109,0.020241936271879403,0.020241936271879403,0.0054889716186209345,0.0008662217997225052,AFM,646.9536273555109,20.241936271879403,20.241936271879403,0.8662217997225051,5.488971618620934,601.6946356319581,240.44559571173056,,
96,0.059928294652859926,1.4921300027367013,1.1634575975650951,0.6630849692359719,0.01654514520370909,0.68974410286723,0.11404560490719443,-0.6059068611152302,2.333413168333371,1.9368057745116447,1.4750468928032419,1.074879125814272,90,0.6503977541182364,0.059928294652859926,,,0.433834919688048,,1.572031126100904,0.16193744058141507,0.6016946356319581,0.24044559571173055,0.6630849692359719,0.01654514520370909,0.01654514520370909,0.0054889716186209345,0.00894025827144977,AFM,663.0849692359719,16.54514520370909,16.54514520370909,8.94025827144977,5.488971618620934,601.6946356319581,240.44559571173056,,
97,0.059928294652859926,1.7975815424472068,1.9603576387002717,0.6439376719771042,0.019825682488942436,0.5211038682931588,0.1151764850543918,3.013188607980228,3.5680479489903414,-0.5364247498524782,3.7486745212926076,1.3761396977124565,90,0.650770031082014,0.059928294652859926,,,,0.8195199831223843,1.805870517264562,0.11659752265924248,0.6016946356319581,0.24044559571173055,0.6439376719771042,0.019825682488942436,0.019825682488942436,0.0054889716186209345,0.00894025827144977,AFM,643.9376719771042,19.825682488942437,19.825682488942437,8.94025827144977,5.488971618620934,601.6946356319581,240.44559571173056,,
98,0.12005587782362012,1.6373133289573973,1.7943693896840305,0.6582514718722946,0.021233190530154517,0.5396578727503574,0.12092851453009629,2.6700630990622805,3.3911337187446033,-0.27051453098985223,3.544779279855752,2.3378981531820435,90,0.6634833439332666,0.12005587782362012,,,,0.8386532941613775,1.6402594742502865,0.10749728683862468,0.6016946356319581,0.24044559571173055,0.6582514718722946,0.021233190530154517,0.021233190530154517,0.0054889716186209345,0.015151040603327587,AFM,658.2514718722946,21.233190530154516,21.233190530154516,15.151040603327587,5.488971618620934,601.6946356319581,240.44559571173056,,
99,0.12005587782362012,1.6075825276313283,1.7485599380031895,0.658777712715055,0.02130044203557939,0.5425255909354172,0.12188114440585211,2.5810532703126117,3.329324439142888,-0.19262394076141032,3.4706316784469835,1.2683562570453968,90,0.6643992301302605,0.12005587782362012,,,,0.8327821196209608,1.6718159169226303,0.07956924416933352,0.6016946356319581,0.24044559571173055,0.658777712715055,0.02130044203557939,0.02130044203557939,0.0054889716186209345,0.015151040603327587,AFM,658.777712715055,21.30044203557939,21.30044203557939,15.151040603327587,5.488971618620934,601.6946356319581,240.44559571173056,,
100,0.17998470184990722,1.1307276473172108,1.2604872502505837,0.7044042401136522,0.027704261180696306,0.6026031921969236,0.15266591486447448,1.628646214396339,2.8126538619723607,0.6025246351717907,2.851137598949379,3.4794700074163307,90,0.7055135414485971,0.17998470184990722,0.5317457388363274,0.13062939771684492,0.33215351956534855,0.8638992584016759,1.2424529944588785,0.17484718072161323,0.6016946356319581,0.24044559571173055,0.7044042401136522,0.027704261180696306,0.027704261180696306,0.0054889716186209345,0.009914968441490231,AFM,704.4042401136522,27.704261180696307,27.704261180696307,9.914968441490231,5.488971618620934,601.6946356319581,240.44559571173056,531.7457388363274,130.62939771684492
101,0.17998470184990722,1.1021514251471451,1.1528238356945986,0.7042759354106463,0.026750796040585806,0.6140670685277834,0.15417173043617177,1.4310595403445863,2.650559156339736,0.7521338440094425,2.652229554688525,4.699838610083293,90,0.7048766448928858,0.17998470184990722,0.4746901000211001,0.12649012046659167,0.3831744530497728,0.857864553070873,1.273360911472724,0.20236199194470306,0.6016946356319581,0.24044559571173055,0.7042759354106463,0.026750796040585806,0.026750796040585806,0.0054889716186209345,0.009914968441490231,AFM,704.2759354106463,26.750796040585804,26.750796040585804,9.914968441490231,5.488971618620934,601.6946356319581,240.44559571173056,474.69010002110014,126.49012046659166
102,0.23991357297993793,1.1052332216042506,1.2140427575740769,0.7045318167562625,0.027698358363213743,0.6051489461188745,0.15307710785914752,1.5597069274831203,2.725560446986334,0.6482643663059616,2.755727652110972,0.9976010198413467,91,0.7061140520415832,0.23991357297993793,,,,0.9015042478380741,1.1091964868402093,0.07300043557382528,0.6016946356319581,0.24044559571173055,0.7045318167562625,0.027698358363213743,0.027698358363213743,0.0054889716186209345,0.0042264644625682355,AFM,704.5318167562625,27.698358363213742,27.698358363213742,4.226464462568235,5.488971618620934,601.6946356319581,240.44559571173056,,
103,0.23991357297993793,1.068883986686674,1.148392684814379,0.706025189013026,0.027865945337930045,0.6124732292320818,0.15787209656762244,1.4323652189080929,2.66099241598102,0.7611190365115225,2.658908098402988,0.005193210489758598,91,0.7074705229619238,0.23991357297993793,0.5714206471174827,0.0047421935354099,0.33595143507455805,0.9073720821920408,1.0729723786820053,0.005794536818991547,0.6016946356319581,0.24044559571173055,0.706025189013026,0.027865945337930045,0.027865945337930045,0.0054889716186209345,0.0042264644625682355,AFM,706.025189013026,27.865945337930043,27.865945337930043,4.226464462568235,5.488971618620934,601.6946356319581,240.44559571173056,571.4206471174828,4.7421935354099
104,0.3000413524832869,1.5607447834616741,1.8801806677995605,0.5456300561888778,0.022980578016862256,0.6709404173531871,0.12367617173291628,-2.656448225142262,3.5620132331865535,2.48905434302488,0.846370461010988,0.8684195165813423,90,0.5251286451898798,0.3000413524832869,,,,,2.267503095747144,,0.6016946356319581,0.24044559571173055,0.5456300561888778,0.022980578016862256,0.022980578016862256,0.0054889716186209345,0.0175594888935754,spinflip,545.6300561888778,22.980578016862257,22.980578016862257,17.5594888935754,5.488971618620934,601.6946356319581,240.44559571173056,,
105,0.3000413524832869,1.6137210646598779,1.940496795196984,0.5436267414730711,0.02217308170374304,0.669117569199041,0.12174995724552355,-2.7493031617491095,3.637686600821123,2.4881929435689094,0.8348013731496428,2.063946712275473,90,0.5204073519889779,0.3000413524832869,,,0.44240683652464746,,2.2061588593206753,0.14937203226351134,0.6016946356319581,0.24044559571173055,0.5436267414730711,0.02217308170374304,0.02217308170374304,0.0054889716186209345,0.0175594888935754,spinflip,543.6267414730711,22.17308170374304,22.17308170374304,17.5594888935754,5.488971618620934,601.6946356319581,240.44559571173056,,
106,0.35997023446390675,0.697396472098808,0.5519154212052093,0.5269555267832164,0.03494395889398441,0.5121971708044678,0.23547102454896968,0.15731683543127056,2.179181013579232,1.5585690209189944,1.30811742744193,0.023511025576628337,90,0.5219759548316633,0.35997023446390675,0.6576275178086979,0.014929071202716724,0.19494106237425432,0.8525685801829522,0.7012767917013338,0.011640162383201131,0.6016946356319581,0.24044559571173055,0.5269555267832164,0.03494395889398441,0.03494395889398441,0.0054889716186209345,0.004949378052287058,spinflip,526.9555267832164,34.94395889398441,34.94395889398441,4.9493780522870585,5.488971618620934,601.6946356319581,240.44559571173056,657.6275178086979,14.929071202716724
107,0.35997023446390675,0.7163686826894978,0.6227008471582237,0.5234712076626754,0.03501366312662007,0.48596831656876105,0.2290564022590749,0.40732016017296213,2.2317558090041545,1.4155090993076853,1.482852171186804,1.1492481017346468,90,0.519689071296994,0.35997023446390675,0.5512772216617489,0.10862723002924397,0.1842095970258524,0.7354868186876012,0.8499421205895199,0.1296827651167927,0.6016946356319581,0.24044559571173055,0.5234712076626754,0.03501366312662007,0.03501366312662007,0.0054889716186209345,0.004949378052287058,spinflip,523.4712076626754,35.01366312662007,35.01366312662007,4.9493780522870585,5.488971618620934,601.6946356319581,240.44559571173056,551.2772216617489,108.62723002924398
108,0.4198991212184184,0.6900359922982566,0.5688358479694572,0.5247205674507764,0.03572549118360068,0.49894483148121804,0.23788746687222861,0.2712322100561829,2.1975984593443187,1.4904934238728897,1.386958493409931,0.018021216049775576,90,0.5221107808116231,0.4198991212184184,0.6567913141806588,0.0770111984246922,0.1684777210955338,0.8252690352761927,0.695711696080613,0.07497287781437785,0.6016946356319581,0.24044559571173055,0.5247205674507764,0.03572549118360068,0.03572549118360068,0.0054889716186209345,0.0011017888679966178,FM,524.7205674507765,35.72549118360068,35.72549118360068,1.1017888679966177,5.488971618620934,601.6946356319581,240.44559571173056,656.7913141806588,77.0111984246922
109,0.4198991212184184,0.6927845299048428,0.5694786126987016,0.5233375214353706,0.035551469049838066,0.4954228668327967,0.236960528916663,0.2945049345983216,2.196753291198329,1.4762269220619209,1.3767094920705423,0.005556605678504167,90,0.5186420613967935,0.4198991212184184,0.6530134082508374,0.005613802949346773,0.16542264882397523,0.8184360570748126,0.696772839669553,0.006245318982287221,0.6016946356319581,0.24044559571173055,0.5233375214353706,0.035551469049838066,0.035551469049838066,0.0054889716186209345,0.0011017888679966178,FM,523.3375214353706,35.55146904983807,35.55146904983807,1.1017888679966177,5.488971618620934,601.6946356319581,240.44559571173056,653.0134082508374,5.613802949346773
110,0.4800258664905465,0.6810802037051568,0.5654818473462485,0.5226311399695391,0.036231631055385995,0.4939383319813907,0.2409865639979476,0.2972971028254437,2.1994477883478063,1.479336767856266,1.381987894453181,0.005306384122576997,90,0.5178684853787576,0.4800258664905465,0.6495394164913715,0.025548166813534074,0.16209400479351205,0.8116334212848835,0.6851269878188462,0.022266196562845297,0.6016946356319581,0.24044559571173055,0.5226311399695391,0.036231631055385995,0.036231631055385995,0.0054889716186209345,0.00739032766138355,FM,522.6311399695392,36.231631055385996,36.231631055385996,7.39032766138355,5.488971618620934,601.6946356319581,240.44559571173056,649.5394164913715,25.548166813534074
111,0.4800258664905465,0.8834138004322455,1.3370899391004862,0.5120444797033817,0.04276523125104589,0.38057457393329097,0.17769567590658863,1.5582876857189027,3.011869056712686,0.7348794090337424,2.4527459078661686,0.17144167996968582,90,0.5207193827531063,0.4800258664905465,,,,0.6601276439945787,0.9173560541542751,0.12181223370926499,0.6016946356319581,0.24044559571173055,0.5120444797033817,0.04276523125104589,0.04276523125104589,0.0054889716186209345,0.00739032766138355,FM,512.0444797033817,42.76523125104589,42.76523125104589,7.39032766138355,5.488971618620934,601.6946356319581,240.44559571173056,,
112,0.53995684809066,0.6779776623671586,0.5636316046651065,0.5232436429178358,0.036899131879376136,0.4979906375015969,0.2509916266148929,0.26107481114389974,2.2830172583615975,1.4971828144989332,1.417858809048859,0.007476065850878498,89,0.5191243550100202,0.53995684809066,0.6510462854735117,0.010422579656857328,0.16764592247714388,0.8186922079506556,0.6836722927524035,0.007067278803570695,0.6016946356319581,0.24044559571173055,0.5232436429178358,0.036899131879376136,0.036899131879376136,0.0054889716186209345,0.006465163558436312,FM,523.2436429178358,36.899131879376135,36.899131879376135,6.465163558436312,5.488971618620934,601.6946356319581,240.44559571173056,651.0462854735117,10.422579656857328
113,0.53995684809066,0.6940367392812593,0.5771684285995029,0.5225002456446894,0.03609897530325839,0.49660717098577484,0.2451840887250843,0.2739904293813316,2.2859875051712635,1.4751225839017708,1.4323711068851184,0.004923538050662387,89,0.5190653139058116,0.53995684809066,0.60095590247183,0.10679610282748345,0.16002020119805305,0.760976103669883,0.6965840195368078,0.06517462798447374,0.6016946356319581,0.24044559571173055,0.5225002456446894,0.03609897530325839,0.03609897530325839,0.0054889716186209345,0.006465163558436312,FM,522.5002456446895,36.09897530325839,36.09897530325839,6.465163558436312,5.488971618620934,601.6946356319581,240.44559571173056,600.95590247183,106.79610282748345
114,0.5998857377867889,0.6624517785257751,0.5533341051380128,0.5233385522357216,0.037238410498647054,0.4980900637177203,0.24773005473948373,0.25491976886986445,2.1988182309122877,1.511660353437666,1.382731288471761,0.017504331395233583,90,0.5202873668887775,0.5998857377867889,0.6142019290204822,0.08968950491696075,0.16973786650870923,0.7839397955291915,0.6675572352048391,0.12163163922473487,0.6016946356319581,0.24044559571173055,0.5233385522357216,0.037238410498647054,0.037238410498647054,0.0054889716186209345,0.0015626569705375808,FM,523.3385522357215,37.238410498647056,37.238410498647056,1.5626569705375808,5.488971618620934,601.6946356319581,240.44559571173056,614.2019290204822,89.68950491696074
115,0.5998857377867889,0.6865415493928572,0.6198547560284863,0.5203030692687376,0.036834782145744704,0.47761090573893095,0.23876661349767525,0.44271602044513364,2.244693681730162,1.3961837623178739,1.4921899642468752,2.1667842172053096,90,0.5164913791282566,0.5998857377867889,0.5442961136908275,0.09548044184114346,0.18059239257519,0.7248885062660175,0.8724812964101996,0.09807139278895735,0.6016946356319581,0.24044559571173055,0.5203030692687376,0.036834782145744704,0.036834782145744704,0.0054889716186209345,0.0015626569705375808,FM,520.3030692687375,36.834782145744704,36.834782145744704,1.5626569705375808,5.488971618620934,601.6946356319581,240.44559571173056,544.2961136908275,95.48044184114346
116,0.6600135406186755,0.6830751053436527,0.623176730705619,0.5212833310053107,0.0370214579416307,0.48020920678217494,0.23991795888090817,0.4243769376943423,2.249479514483714,1.4050972396401693,1.5090470837332746,2.2216021441358436,90,0.5200608679622245,0.6600135406186755,0.5411616278662448,0.10897026918963598,0.18160690612400093,0.7227685339902458,0.8730483384980093,0.1178191707548234,0.6016946356319581,0.24044559571173055,0.5212833310053107,0.0370214579416307,0.0370214579416307,0.0054889716186209345,0.0018997810870446487,FM,521.2833310053106,37.0214579416307,37.0214579416307,1.8997810870446488,5.488971618620934,601.6946356319581,240.44559571173056,541.1616278662448,108.97026918963599
117,0.6600135406186755,0.6909414012454849,0.6121809702541706,0.5204800525626252,0.03641712174617598,0.48043280146694456,0.23734268156087313,0.418448837966004,2.2354911528509764,1.401061297210404,1.474606905635454,2.0963010126749317,90,0.517650347262024,0.6600135406186755,0.6103116636887215,0.13354153854131906,0.15395093235428492,0.7642625960430064,0.7708279634989671,0.09663815397230748,0.6016946356319581,0.24044559571173055,0.5204800525626252,0.03641712174617598,0.03641712174617598,0.0054889716186209345,0.0018997810870446487,FM,520.4800525626252,36.41712174617598,36.41712174617598,1.8997810870446488,5.488971618620934,601.6946356319581,240.44559571173056,610.3116636887215,133.54153854131906
118,0.719942435546065,0.6825920759286336,0.5824313167286572,0.5218761750486723,0.036437451543856005,0.48797398962521915,0.24036468648594947,0.35144754177582377,2.2132853188313337,1.4382491201483596,1.4210301038584612,0.05788228577034239,90,0.5179767709754509,0.719942435546065,0.6353756085906545,0.03890842984901841,0.14838796203525625,0.7837635706259107,0.689204443069153,0.06512136816462498,0.6016946356319581,0.24044559571173055,0.5218761750486723,0.036437451543856005,0.036437451543856005,0.0054889716186209345,0.0008939484507773083,FM,521.8761750486724,36.43745154385601,36.43745154385601,0.8939484507773082,5.488971618620934,601.6946356319581,240.44559571173056,635.3756085906545,38.90842984901841
119,0.719942435546065,0.6761275636908628,0.5753167148514886,0.5227121557255512,0.036697223968847704,0.4930304597798622,0.242670142929676,0.30528814984571884,2.210515282470033,1.4669688374265488,1.4200242945736055,0.005184259357668262,90,0.5213133342808618,0.719942435546065,0.6536325419465885,0.08179947796923664,0.15649652194867195,0.8101290638952604,0.682754348999744,0.06638095464125111,0.6016946356319581,0.24044559571173055,0.5227121557255512,0.036697223968847704,0.036697223968847704,0.0054889716186209345,0.0008939484507773083,FM,522.7121557255512,36.6972239688477,36.6972239688477,0.8939484507773082,5.488971618620934,601.6946356319581,240.44559571173056,653.6325419465885,81.79947796923665
120,0.7798713310540399,0.6754400515778548,0.5664145570014567,0.5228029537919339,0.036595860060957885,0.4961401263511331,0.24296771168132666,0.27453177864617745,2.2032379223696164,1.48133245354712,1.3997002120703619,0.005745046281731903,90,0.5199712399200902,0.7798713310540399,0.6527831997163515,0.08355505278876763,0.15866755209647262,0.8114507518128241,0.6805399123306985,0.08892498296406648,0.6016946356319581,0.24044559571173055,0.5228029537919339,0.036595860060957885,0.036595860060957885,0.0054889716186209345,0.0023558658063652644,FM,522.8029537919339,36.59586006095788,36.59586006095788,2.3558658063652644,5.488971618620934,601.6946356319581,240.44559571173056,652.7831997163514,83.55505278876763
121,0.7798713310540399,0.6749854531204662,0.5727631930771552,0.5224770714864478,0.03672457416838018,0.49366675551954525,0.24309344332128704,0.29603555798858366,2.208943555906207,1.4708421173554933,1.4153889984244492,0.004679382151141312,90,0.5199885670348696,0.7798713310540399,0.6146828421259137,0.058679035559470905,0.15587653345517583,0.7705593755810896,0.677785368200809,0.08798546460504984,0.6016946356319581,0.24044559571173055,0.5224770714864478,0.03672457416838018,0.03672457416838018,0.0054889716186209345,0.0023558658063652644,FM,522.4770714864478,36.72457416838018,36.72457416838018,2.3558658063652644,5.488971618620934,601.6946356319581,240.44559571173056,614.6828421259137,58.679035559470904
122,0.8399991317257417,0.8194054808956679,0.8289263543594305,0.5307058169709418,0.031627368507961495,0.5843456221710491,0.20057247891197885,-0.658659747077904,2.3911953598797004,1.8463585599860808,0.9697790753411725,3.1416700502230617,90,0.5174485218941882,0.8399991317257417,,,0.31769894617461425,,0.95242742496176,0.13601380302531327,0.6016946356319581,0.24044559571173055,0.5307058169709418,0.031627368507961495,0.031627368507961495,0.0054889716186209345,0.005192389357090791,FM,530.7058169709418,31.627368507961496,31.627368507961496,5.192389357090791,5.488971618620934,601.6946356319581,240.44559571173056,,
123,0.8399991317257417,0.6773721321391724,0.596955061093407,0.5223943782116734,0.03697509417115377,0.48640269293444177,0.24208299863268198,0.3695696879432041,2.2287503269192754,1.4301880743344746,1.464336110505651,1.0203282009314436,90,0.5226002942565131,0.8399991317257417,0.5817500187883345,0.10332638818641496,0.14543600449404462,0.7271860232823791,0.6940662308717819,0.15812767773031286,0.6016946356319581,0.24044559571173055,0.5223943782116734,0.03697509417115377,0.03697509417115377,0.0054889716186209345,0.005192389357090791,FM,522.3943782116735,36.97509417115377,36.97509417115377,5.192389357090791,5.488971618620934,601.6946356319581,240.44559571173056,581.7500187883345,103.32638818641496
